-- MySQL dump 10.13  Distrib 8.0.11, for Win64 (x86_64)
--
-- Host: localhost    Database: service
-- ------------------------------------------------------
-- Server version	8.0.11

/*!40101 SET @OLD_CHARACTER_SET_CLIENT=@@CHARACTER_SET_CLIENT */;
/*!40101 SET @OLD_CHARACTER_SET_RESULTS=@@CHARACTER_SET_RESULTS */;
/*!40101 SET @OLD_COLLATION_CONNECTION=@@COLLATION_CONNECTION */;
 SET NAMES utf8mb4 ;
/*!40103 SET @OLD_TIME_ZONE=@@TIME_ZONE */;
/*!40103 SET TIME_ZONE='+00:00' */;
/*!40014 SET @OLD_UNIQUE_CHECKS=@@UNIQUE_CHECKS, UNIQUE_CHECKS=0 */;
/*!40014 SET @OLD_FOREIGN_KEY_CHECKS=@@FOREIGN_KEY_CHECKS, FOREIGN_KEY_CHECKS=0 */;
/*!40101 SET @OLD_SQL_MODE=@@SQL_MODE, SQL_MODE='NO_AUTO_VALUE_ON_ZERO' */;
/*!40111 SET @OLD_SQL_NOTES=@@SQL_NOTES, SQL_NOTES=0 */;

--
-- Table structure for table `auth_group`
--

DROP TABLE IF EXISTS `auth_group`;
/*!40101 SET @saved_cs_client     = @@character_set_client */;
 SET character_set_client = utf8mb4 ;
CREATE TABLE `auth_group` (
  `id` int(11) NOT NULL AUTO_INCREMENT,
  `name` varchar(80) NOT NULL,
  PRIMARY KEY (`id`),
  UNIQUE KEY `name` (`name`)
) ENGINE=InnoDB DEFAULT CHARSET=utf8;
/*!40101 SET character_set_client = @saved_cs_client */;

--
-- Dumping data for table `auth_group`
--

LOCK TABLES `auth_group` WRITE;
/*!40000 ALTER TABLE `auth_group` DISABLE KEYS */;
/*!40000 ALTER TABLE `auth_group` ENABLE KEYS */;
UNLOCK TABLES;

--
-- Table structure for table `auth_group_permissions`
--

DROP TABLE IF EXISTS `auth_group_permissions`;
/*!40101 SET @saved_cs_client     = @@character_set_client */;
 SET character_set_client = utf8mb4 ;
CREATE TABLE `auth_group_permissions` (
  `id` int(11) NOT NULL AUTO_INCREMENT,
  `group_id` int(11) NOT NULL,
  `permission_id` int(11) NOT NULL,
  PRIMARY KEY (`id`),
  UNIQUE KEY `auth_group_permissions_group_id_permission_id_0cd325b0_uniq` (`group_id`,`permission_id`),
  KEY `auth_group_permissio_permission_id_84c5c92e_fk_auth_perm` (`permission_id`),
  CONSTRAINT `auth_group_permissio_permission_id_84c5c92e_fk_auth_perm` FOREIGN KEY (`permission_id`) REFERENCES `auth_permission` (`id`),
  CONSTRAINT `auth_group_permissions_group_id_b120cbf9_fk_auth_group_id` FOREIGN KEY (`group_id`) REFERENCES `auth_group` (`id`)
) ENGINE=InnoDB DEFAULT CHARSET=utf8;
/*!40101 SET character_set_client = @saved_cs_client */;

--
-- Dumping data for table `auth_group_permissions`
--

LOCK TABLES `auth_group_permissions` WRITE;
/*!40000 ALTER TABLE `auth_group_permissions` DISABLE KEYS */;
/*!40000 ALTER TABLE `auth_group_permissions` ENABLE KEYS */;
UNLOCK TABLES;

--
-- Table structure for table `auth_permission`
--

DROP TABLE IF EXISTS `auth_permission`;
/*!40101 SET @saved_cs_client     = @@character_set_client */;
 SET character_set_client = utf8mb4 ;
CREATE TABLE `auth_permission` (
  `id` int(11) NOT NULL AUTO_INCREMENT,
  `name` varchar(255) NOT NULL,
  `content_type_id` int(11) NOT NULL,
  `codename` varchar(100) NOT NULL,
  PRIMARY KEY (`id`),
  UNIQUE KEY `auth_permission_content_type_id_codename_01ab375a_uniq` (`content_type_id`,`codename`),
  CONSTRAINT `auth_permission_content_type_id_2f476e4b_fk_django_co` FOREIGN KEY (`content_type_id`) REFERENCES `django_content_type` (`id`)
) ENGINE=InnoDB AUTO_INCREMENT=37 DEFAULT CHARSET=utf8;
/*!40101 SET character_set_client = @saved_cs_client */;

--
-- Dumping data for table `auth_permission`
--

LOCK TABLES `auth_permission` WRITE;
/*!40000 ALTER TABLE `auth_permission` DISABLE KEYS */;
INSERT INTO `auth_permission` VALUES (1,'Can add partsinv',1,'add_partsinv'),(2,'Can change partsinv',1,'change_partsinv'),(3,'Can delete partsinv',1,'delete_partsinv'),(4,'Can add unit basic info',2,'add_unitbasicinfo'),(5,'Can change unit basic info',2,'change_unitbasicinfo'),(6,'Can delete unit basic info',2,'delete_unitbasicinfo'),(7,'Can add part request',3,'add_partrequest'),(8,'Can change part request',3,'change_partrequest'),(9,'Can delete part request',3,'delete_partrequest'),(10,'Can add users',4,'add_users'),(11,'Can change users',4,'change_users'),(12,'Can delete users',4,'delete_users'),(13,'Can add log entry',5,'add_logentry'),(14,'Can change log entry',5,'change_logentry'),(15,'Can delete log entry',5,'delete_logentry'),(16,'Can add permission',6,'add_permission'),(17,'Can change permission',6,'change_permission'),(18,'Can delete permission',6,'delete_permission'),(19,'Can add group',7,'add_group'),(20,'Can change group',7,'change_group'),(21,'Can delete group',7,'delete_group'),(22,'Can add user',8,'add_user'),(23,'Can change user',8,'change_user'),(24,'Can delete user',8,'delete_user'),(25,'Can add content type',9,'add_contenttype'),(26,'Can change content type',9,'change_contenttype'),(27,'Can delete content type',9,'delete_contenttype'),(28,'Can add session',10,'add_session'),(29,'Can change session',10,'change_session'),(30,'Can delete session',10,'delete_session'),(31,'Can add time record',11,'add_timerecord'),(32,'Can change time record',11,'change_timerecord'),(33,'Can delete time record',11,'delete_timerecord'),(34,'Can add invoice',12,'add_invoice'),(35,'Can change invoice',12,'change_invoice'),(36,'Can delete invoice',12,'delete_invoice');
/*!40000 ALTER TABLE `auth_permission` ENABLE KEYS */;
UNLOCK TABLES;

--
-- Table structure for table `auth_user`
--

DROP TABLE IF EXISTS `auth_user`;
/*!40101 SET @saved_cs_client     = @@character_set_client */;
 SET character_set_client = utf8mb4 ;
CREATE TABLE `auth_user` (
  `id` int(11) NOT NULL AUTO_INCREMENT,
  `password` varchar(128) NOT NULL,
  `last_login` datetime(6) DEFAULT NULL,
  `is_superuser` tinyint(1) NOT NULL,
  `username` varchar(150) NOT NULL,
  `first_name` varchar(30) NOT NULL,
  `last_name` varchar(150) NOT NULL,
  `email` varchar(254) NOT NULL,
  `is_staff` tinyint(1) NOT NULL,
  `is_active` tinyint(1) NOT NULL,
  `date_joined` datetime(6) NOT NULL,
  PRIMARY KEY (`id`),
  UNIQUE KEY `username` (`username`)
) ENGINE=InnoDB AUTO_INCREMENT=2 DEFAULT CHARSET=utf8;
/*!40101 SET character_set_client = @saved_cs_client */;

--
-- Dumping data for table `auth_user`
--

LOCK TABLES `auth_user` WRITE;
/*!40000 ALTER TABLE `auth_user` DISABLE KEYS */;
INSERT INTO `auth_user` VALUES (1,'pbkdf2_sha256$100000$VDBsZqdQzn1R$igFVjh5QIcqI3B9TX6BGk27Q/K6IyEUfaAOIzsWD2rc=','2018-06-18 23:12:51.126147',1,'fox','','','ben.h@smartkitchenservice.com',1,1,'2018-06-11 16:12:38.059528');
/*!40000 ALTER TABLE `auth_user` ENABLE KEYS */;
UNLOCK TABLES;

--
-- Table structure for table `auth_user_groups`
--

DROP TABLE IF EXISTS `auth_user_groups`;
/*!40101 SET @saved_cs_client     = @@character_set_client */;
 SET character_set_client = utf8mb4 ;
CREATE TABLE `auth_user_groups` (
  `id` int(11) NOT NULL AUTO_INCREMENT,
  `user_id` int(11) NOT NULL,
  `group_id` int(11) NOT NULL,
  PRIMARY KEY (`id`),
  UNIQUE KEY `auth_user_groups_user_id_group_id_94350c0c_uniq` (`user_id`,`group_id`),
  KEY `auth_user_groups_group_id_97559544_fk_auth_group_id` (`group_id`),
  CONSTRAINT `auth_user_groups_group_id_97559544_fk_auth_group_id` FOREIGN KEY (`group_id`) REFERENCES `auth_group` (`id`),
  CONSTRAINT `auth_user_groups_user_id_6a12ed8b_fk_auth_user_id` FOREIGN KEY (`user_id`) REFERENCES `auth_user` (`id`)
) ENGINE=InnoDB DEFAULT CHARSET=utf8;
/*!40101 SET character_set_client = @saved_cs_client */;

--
-- Dumping data for table `auth_user_groups`
--

LOCK TABLES `auth_user_groups` WRITE;
/*!40000 ALTER TABLE `auth_user_groups` DISABLE KEYS */;
/*!40000 ALTER TABLE `auth_user_groups` ENABLE KEYS */;
UNLOCK TABLES;

--
-- Table structure for table `auth_user_user_permissions`
--

DROP TABLE IF EXISTS `auth_user_user_permissions`;
/*!40101 SET @saved_cs_client     = @@character_set_client */;
 SET character_set_client = utf8mb4 ;
CREATE TABLE `auth_user_user_permissions` (
  `id` int(11) NOT NULL AUTO_INCREMENT,
  `user_id` int(11) NOT NULL,
  `permission_id` int(11) NOT NULL,
  PRIMARY KEY (`id`),
  UNIQUE KEY `auth_user_user_permissions_user_id_permission_id_14a6b632_uniq` (`user_id`,`permission_id`),
  KEY `auth_user_user_permi_permission_id_1fbb5f2c_fk_auth_perm` (`permission_id`),
  CONSTRAINT `auth_user_user_permi_permission_id_1fbb5f2c_fk_auth_perm` FOREIGN KEY (`permission_id`) REFERENCES `auth_permission` (`id`),
  CONSTRAINT `auth_user_user_permissions_user_id_a95ead1b_fk_auth_user_id` FOREIGN KEY (`user_id`) REFERENCES `auth_user` (`id`)
) ENGINE=InnoDB DEFAULT CHARSET=utf8;
/*!40101 SET character_set_client = @saved_cs_client */;

--
-- Dumping data for table `auth_user_user_permissions`
--

LOCK TABLES `auth_user_user_permissions` WRITE;
/*!40000 ALTER TABLE `auth_user_user_permissions` DISABLE KEYS */;
/*!40000 ALTER TABLE `auth_user_user_permissions` ENABLE KEYS */;
UNLOCK TABLES;

--
-- Table structure for table `django_admin_log`
--

DROP TABLE IF EXISTS `django_admin_log`;
/*!40101 SET @saved_cs_client     = @@character_set_client */;
 SET character_set_client = utf8mb4 ;
CREATE TABLE `django_admin_log` (
  `id` int(11) NOT NULL AUTO_INCREMENT,
  `action_time` datetime(6) NOT NULL,
  `object_id` longtext,
  `object_repr` varchar(200) NOT NULL,
  `action_flag` smallint(5) unsigned NOT NULL,
  `change_message` longtext NOT NULL,
  `content_type_id` int(11) DEFAULT NULL,
  `user_id` int(11) NOT NULL,
  PRIMARY KEY (`id`),
  KEY `django_admin_log_content_type_id_c4bce8eb_fk_django_co` (`content_type_id`),
  KEY `django_admin_log_user_id_c564eba6_fk_auth_user_id` (`user_id`),
  CONSTRAINT `django_admin_log_content_type_id_c4bce8eb_fk_django_co` FOREIGN KEY (`content_type_id`) REFERENCES `django_content_type` (`id`),
  CONSTRAINT `django_admin_log_user_id_c564eba6_fk_auth_user_id` FOREIGN KEY (`user_id`) REFERENCES `auth_user` (`id`)
) ENGINE=InnoDB AUTO_INCREMENT=119 DEFAULT CHARSET=utf8;
/*!40101 SET character_set_client = @saved_cs_client */;

--
-- Dumping data for table `django_admin_log`
--

LOCK TABLES `django_admin_log` WRITE;
/*!40000 ALTER TABLE `django_admin_log` DISABLE KEYS */;
INSERT INTO `django_admin_log` VALUES (1,'2018-06-11 16:58:50.152205','1','Jane',1,'[{\"added\": {}}]',4,1),(2,'2018-06-11 16:59:08.386596','2','Yesi',1,'[{\"added\": {}}]',4,1),(3,'2018-06-11 16:59:25.042859','3','Chloe',1,'[{\"added\": {}}]',4,1),(4,'2018-06-11 16:59:49.683507','4','Christina',1,'[{\"added\": {}}]',4,1),(5,'2018-06-11 17:00:57.386696','5','Daniela',1,'[{\"added\": {}}]',4,1),(6,'2018-06-11 17:01:15.777328','6','Samantha',1,'[{\"added\": {}}]',4,1),(7,'2018-06-11 17:01:35.902365','7','Katrina',1,'[{\"added\": {}}]',4,1),(8,'2018-06-11 17:01:52.949233','8','Amanda',1,'[{\"added\": {}}]',4,1),(9,'2018-06-11 17:02:07.199250','9','Randi',1,'[{\"added\": {}}]',4,1),(10,'2018-06-11 17:02:27.089889','10','Brandon',1,'[{\"added\": {}}]',4,1),(11,'2018-06-11 17:02:44.855529','11','Anna',1,'[{\"added\": {}}]',4,1),(12,'2018-06-11 17:02:59.339923','12','Jackie',1,'[{\"added\": {}}]',4,1),(13,'2018-06-11 17:03:25.652442','13','Warranty Check',1,'[{\"added\": {}}]',4,1),(14,'2018-06-11 17:04:05.621221','14','ADMIN',1,'[{\"added\": {}}]',4,1),(15,'2018-06-11 17:04:21.730609','15','Parts',1,'[{\"added\": {}}]',4,1),(16,'2018-06-11 20:47:32.896560','1','MBF800407716120700C40016',2,'[{\"changed\": {\"fields\": [\"businessName\", \"phone\", \"email\", \"location_add2\", \"location_city\", \"location_state\", \"location_zip\", \"warrantyNote\", \"tsq\", \"techNote\", \"followup_customer\", \"followup_tech\"]}}]',2,1),(17,'2018-06-11 21:06:17.053755','3','SKS062018-D5-1',2,'[{\"changed\": {\"fields\": [\"location_add2\", \"pre_diagnosis\"]}}]',3,1),(18,'2018-06-11 23:12:00.169395','2','Yesi',2,'[{\"changed\": {\"fields\": [\"code\"]}}]',4,1),(19,'2018-06-11 23:12:07.481900','3','Chloe',2,'[{\"changed\": {\"fields\": [\"code\"]}}]',4,1),(20,'2018-06-11 23:12:17.325656','4','Christina',2,'[{\"changed\": {\"fields\": [\"code\"]}}]',4,1),(21,'2018-06-11 23:12:26.841291','5','Daniela',2,'[{\"changed\": {\"fields\": [\"code\"]}}]',4,1),(22,'2018-06-11 23:12:37.481957','6','Samantha',2,'[{\"changed\": {\"fields\": [\"code\"]}}]',4,1),(23,'2018-06-11 23:12:47.403843','7','Katrina',2,'[{\"changed\": {\"fields\": [\"code\"]}}]',4,1),(24,'2018-06-11 23:56:30.921629','2','MBF8001GRAUS100318010100C40001',3,'',2,1),(25,'2018-06-12 14:29:29.356200','4','MBF850707717010400C40031',3,'',2,1),(26,'2018-06-12 14:29:29.387446','3','MBF8507AUS100317031400C43738',3,'',2,1),(27,'2018-06-12 14:29:29.403014','1','MBF800407716120700C40016',3,'',2,1),(28,'2018-06-12 14:29:41.668712','5','SKS062018-D1-1',3,'',3,1),(29,'2018-06-12 14:29:41.699984','4','SKS062018-D1-1',3,'',3,1),(30,'2018-06-12 14:29:41.699984','3','SKS062018-D5-1',3,'',3,1),(31,'2018-06-12 14:29:41.699984','2','SKS062018-D5-1',3,'',3,1),(32,'2018-06-12 14:29:41.715525','1','SKS062018-D5-1',3,'',3,1),(33,'2018-06-12 22:51:39.975146','8','MBF850407916062700C40006',3,'',2,1),(34,'2018-06-13 16:02:40.500148','10','ds1233544',3,'',2,1),(35,'2018-06-13 16:02:40.531400','9','ds1233544',3,'',2,1),(36,'2018-06-13 18:43:15.648878','20','123123123',3,'',2,1),(37,'2018-06-13 18:43:15.695756','19','asdasdasdddddddddd',3,'',2,1),(38,'2018-06-13 18:43:15.758246','18','asdasdasdddddddddd',3,'',2,1),(39,'2018-06-13 19:47:02.714575','16','MGF8406160130C4008',2,'[{\"changed\": {\"fields\": [\"sksid\"]}}]',2,1),(40,'2018-06-13 19:59:51.168350','21','TTTTTTTTTT',3,'',2,1),(41,'2018-06-13 20:02:45.340370','22','ttttttttttttt',3,'',2,1),(42,'2018-06-13 20:04:53.418607','23','ttttttttt',3,'',2,1),(43,'2018-06-13 21:47:56.189412','16','MGF8406160130C4008',2,'[{\"changed\": {\"fields\": [\"tech_add1\", \"tech_city\", \"tech_state\", \"tech_zip\", \"techNote\"]}}]',2,1),(44,'2018-06-13 22:00:55.049376','6','SKS062018-D1-2',2,'[{\"changed\": {\"fields\": [\"sn\"]}}]',3,1),(45,'2018-06-13 22:01:38.783828','7','SKS062018-D1-5',2,'[{\"changed\": {\"fields\": [\"sn\"]}}]',3,1),(46,'2018-06-13 22:02:04.565059','8','SKS062018-D1-7',2,'[{\"changed\": {\"fields\": [\"sn\"]}}]',3,1),(47,'2018-06-13 22:02:32.205744','9','SKS062018-D1-6',2,'[{\"changed\": {\"fields\": [\"sn\"]}}]',3,1),(48,'2018-06-13 22:03:32.190169','10','SKS062018-D1-8',2,'[{\"changed\": {\"fields\": [\"sn\"]}}]',3,1),(49,'2018-06-13 22:44:55.173874','11','SKS062018-D1-6',2,'[]',3,1),(50,'2018-06-13 22:45:04.017596','11','SKS062018-D1-6',3,'',3,1),(51,'2018-06-13 22:46:43.314616','12','SKS062018-D1-2',3,'',3,1),(52,'2018-06-14 16:27:32.981245','17','MPF820204216122800C40016',2,'[{\"changed\": {\"fields\": [\"tech_add1\", \"tech_city\", \"tech_state\", \"tech_zip\", \"tsq\", \"techNote\"]}}]',2,1),(53,'2018-06-14 19:14:41.036486','24','MBF800107716112900C40009',2,'[{\"changed\": {\"fields\": [\"location_add1\", \"tsq\", \"techNote\"]}}]',2,1),(54,'2018-06-14 19:38:39.819001','26','123123',3,'',2,1),(55,'2018-06-14 19:38:39.850252','25','123456',3,'',2,1),(56,'2018-06-14 19:56:40.632405','28','TEST',3,'',2,1),(57,'2018-06-14 19:58:54.366894','4','Christina',2,'[{\"changed\": {\"fields\": [\"group\"]}}]',4,1),(58,'2018-06-14 20:04:27.179615','29','10bbbwqd',3,'',2,1),(59,'2018-06-14 20:13:10.851988','30','0000',3,'',2,1),(60,'2018-06-14 20:38:14.056372','31','000000',3,'',2,1),(61,'2018-06-14 20:49:01.322511','32','55555555',3,'',2,1),(62,'2018-06-14 20:50:57.111204','33','111111',3,'',2,1),(63,'2018-06-14 20:55:39.830854','34','22222',3,'',2,1),(64,'2018-06-15 17:01:55.918571','16','Account',1,'[{\"added\": {}}]',4,1),(65,'2018-06-15 20:48:23.222068','36','ATO-2B24GAUS200317021500c40010',2,'[{\"changed\": {\"fields\": [\"tsq\", \"techNote\", \"sksid\", \"followup_customer\"]}}]',2,1),(66,'2018-06-15 20:52:32.612880','37','MSF830204217011300C40007',2,'[{\"changed\": {\"fields\": [\"tsq\", \"sksid\"]}}]',2,1),(67,'2018-06-15 20:52:40.659704','38','MGF8452AUS100317031500C40001',2,'[{\"changed\": {\"fields\": [\"tsq\", \"sksid\"]}}]',2,1),(68,'2018-06-15 20:52:47.597212','39','MBF800307917020600C40001',2,'[{\"changed\": {\"fields\": [\"sksid\"]}}]',2,1),(69,'2018-06-15 20:53:57.862896','35','MBF8006150207C4015',2,'[{\"changed\": {\"fields\": [\"tsq\", \"techNote\", \"sksid\", \"followup_customer\"]}}]',2,1),(70,'2018-06-15 21:02:55.017040','40','mbg1111111',2,'[{\"changed\": {\"fields\": [\"warranty\"]}}]',2,1),(71,'2018-06-15 21:04:20.454424','40','mbg1111111',2,'[{\"changed\": {\"fields\": [\"location_state\", \"warranty\"]}}]',2,1),(72,'2018-06-15 21:08:58.272573','40','mbg1111111',2,'[{\"changed\": {\"fields\": [\"warranty\"]}}]',2,1),(73,'2018-06-15 21:09:44.028441','40','mbg1111111',3,'',2,1),(74,'2018-06-15 21:12:05.841064','39','MBF800307917020600C40001',2,'[{\"changed\": {\"fields\": [\"sksid\"]}}]',2,1),(75,'2018-06-15 21:23:06.607183','16','SKS062018-D1-10',3,'',3,1),(76,'2018-06-15 21:23:12.622814','15','SKS062018-D1-10',3,'',3,1),(77,'2018-06-15 22:05:03.781224','23','SKS062018-D1-13',3,'',3,1),(78,'2018-06-15 22:05:09.406231','22','SKS062018-D1-16',3,'',3,1),(79,'2018-06-15 22:46:01.752032','12','MCF8707151008C4006',2,'[{\"changed\": {\"fields\": [\"tsq\", \"finished\"]}}]',2,1),(80,'2018-06-15 23:35:03.801377','39','MBF800307917020600C40001',2,'[{\"changed\": {\"fields\": [\"tech_add1\", \"tech_city\", \"tech_state\", \"tech_zip\", \"techName\", \"techPhone\", \"techEmail\", \"scheDate\", \"techNote\"]}}]',2,1),(81,'2018-06-15 23:36:35.973324','39','MBF800307917020600C40001',2,'[{\"changed\": {\"fields\": [\"scheDate\"]}}]',2,1),(82,'2018-06-15 23:45:33.051905','7','Katrina',2,'[{\"changed\": {\"fields\": [\"group\"]}}]',4,1),(83,'2018-06-17 18:50:29.309180','5','10BAUS100318032200C40018',2,'[{\"changed\": {\"fields\": [\"pre_diagnosis_flag\"]}}]',2,1),(84,'2018-06-17 18:50:48.340413','7','mbf850407916062700c40006',2,'[{\"changed\": {\"fields\": [\"tsq\", \"techNote\", \"pre_diagnosis_flag\", \"followup_customer\", \"followup_tech\"]}}]',2,1),(85,'2018-06-17 18:50:57.512296','11','MBF8508AUS100318011100C40005',2,'[{\"changed\": {\"fields\": [\"tsq\", \"techNote\", \"pre_diagnosis_flag\", \"followup_customer\", \"followup_tech\"]}}]',2,1),(86,'2018-06-17 18:51:20.652937','13','MSF830604216050400C40008',2,'[{\"changed\": {\"fields\": [\"tsq\", \"techNote\", \"pre_diagnosis_flag\", \"followup_tech\"]}}]',2,1),(87,'2018-06-17 18:51:29.324819','14','MSF8301AUS100317031900C45251',2,'[{\"changed\": {\"fields\": [\"tsq\", \"techNote\", \"pre_diagnosis_flag\", \"followup_customer\"]}}]',2,1),(88,'2018-06-17 18:51:41.043580','15','MPF8201150209C4003',2,'[{\"changed\": {\"fields\": [\"techNote\", \"finished\", \"followup_customer\"]}}]',2,1),(89,'2018-06-17 18:51:56.121720','38','MGF8452AUS100317031500C40001',2,'[{\"changed\": {\"fields\": [\"pre_diagnosis_flag\"]}}]',2,1),(90,'2018-06-17 18:52:15.543611','36','ATO-2B24GAUS200317021500c40010',2,'[{\"changed\": {\"fields\": [\"pre_diagnosis_flag\"]}}]',2,1),(91,'2018-06-17 18:52:24.809273','35','MBF8006150207C4015',2,'[{\"changed\": {\"fields\": [\"pre_diagnosis_flag\"]}}]',2,1),(92,'2018-06-17 18:52:31.152997','27','MSF830204216072100C40017',2,'[{\"changed\": {\"fields\": [\"tsq\", \"techNote\", \"pre_diagnosis_flag\"]}}]',2,1),(93,'2018-06-17 18:52:37.934252','24','MBF800107716112900C40009',2,'[{\"changed\": {\"fields\": [\"pre_diagnosis_flag\"]}}]',2,1),(94,'2018-06-17 18:52:45.621759','17','MPF820204216122800C40016',2,'[{\"changed\": {\"fields\": [\"pre_diagnosis_flag\", \"followup_customer\", \"followup_tech\"]}}]',2,1),(95,'2018-06-17 18:53:37.934302','16','MGF8406160130C4008',2,'[{\"changed\": {\"fields\": [\"pre_diagnosis_flag\", \"followup_customer\", \"followup_tech\"]}}]',2,1),(96,'2018-06-17 18:55:41.715695','39','MBF800307917020600C40001',2,'[{\"changed\": {\"fields\": [\"pre_diagnosis\", \"pre_diagnosis_flag\"]}}]',2,1),(97,'2018-06-17 18:58:22.012723','15','MPF8201150209C4003',2,'[{\"changed\": {\"fields\": [\"pre_diagnosis_flag\"]}}]',2,1),(98,'2018-06-18 14:29:51.125677','1','Jane',2,'[{\"changed\": {\"fields\": [\"current_tasks\"]}}]',4,1),(99,'2018-06-18 14:34:50.504862','46','MBF800507716102600C40023',2,'[{\"changed\": {\"fields\": [\"tsq\", \"sksid\"]}}]',2,1),(100,'2018-06-18 14:34:59.739260','45','MGF845004216091900C40012',2,'[{\"changed\": {\"fields\": [\"tsq\", \"sksid\"]}}]',2,1),(101,'2018-06-18 14:35:25.395523','44','MBF850307716051600C40023',2,'[{\"changed\": {\"fields\": [\"tsq\", \"sksid\"]}}]',2,1),(102,'2018-06-18 14:35:35.051774','43','MPF8202150831C4022',2,'[{\"changed\": {\"fields\": [\"tsq\", \"sksid\"]}}]',2,1),(103,'2018-06-18 14:35:50.645533','42','MSF8303AUS100317021500C40026',2,'[{\"changed\": {\"fields\": [\"sksid\"]}}]',2,1),(104,'2018-06-18 14:37:09.614349','1','Jane',2,'[{\"changed\": {\"fields\": [\"current_tasks\"]}}]',4,1),(105,'2018-06-18 15:24:21.144262','58','MGF8405AUS100317032400C40011',2,'[{\"changed\": {\"fields\": [\"tsq\"]}}]',2,1),(106,'2018-06-18 15:46:12.160987','67','MBB0000000000',3,'',2,1),(107,'2018-06-18 16:08:51.833999','63','MBF850507716102000C40041',3,'',2,1),(108,'2018-06-18 16:08:51.912144','62','MBF850507716102000C40041',3,'',2,1),(109,'2018-06-18 16:08:51.959002','61','MBF850507716102000C40041',3,'',2,1),(110,'2018-06-18 16:28:02.131847','57','MSF8303AUS100317030300C40018',2,'[{\"changed\": {\"fields\": [\"serialNumber\", \"tsq\"]}}]',2,1),(111,'2018-06-18 17:44:24.709357','33','SKS062018-D1-20',3,'',3,1),(112,'2018-06-18 17:47:43.337341','41','MSF83020421610500C40011',2,'[{\"changed\": {\"fields\": [\"tech_add1\", \"tech_city\", \"tech_state\", \"tech_zip\", \"tsq\", \"techName\", \"techPhone\", \"techEmail\", \"scheDate\", \"techNote\"]}}]',2,1),(113,'2018-06-18 21:03:06.727584','18','SKS062018-D1-11',2,'[{\"changed\": {\"fields\": [\"sn\"]}}]',3,1),(114,'2018-06-18 21:03:30.899475','14','SKS062018-D1-6',2,'[{\"changed\": {\"fields\": [\"sn\"]}}]',3,1),(115,'2018-06-18 21:03:51.414158','20','SKS062018-D1-10',2,'[{\"changed\": {\"fields\": [\"sn\"]}}]',3,1),(116,'2018-06-18 21:28:32.643827','119','MPF820304216122300C40005',3,'',2,1),(117,'2018-06-18 22:32:21.824010','124','ATFS-40AUS200317102200C40020',3,'',2,1),(118,'2018-06-18 23:13:02.923024','6','SKS062018-D1-2',2,'[{\"changed\": {\"fields\": [\"number\"]}}]',3,1);
/*!40000 ALTER TABLE `django_admin_log` ENABLE KEYS */;
UNLOCK TABLES;

--
-- Table structure for table `django_content_type`
--

DROP TABLE IF EXISTS `django_content_type`;
/*!40101 SET @saved_cs_client     = @@character_set_client */;
 SET character_set_client = utf8mb4 ;
CREATE TABLE `django_content_type` (
  `id` int(11) NOT NULL AUTO_INCREMENT,
  `app_label` varchar(100) NOT NULL,
  `model` varchar(100) NOT NULL,
  PRIMARY KEY (`id`),
  UNIQUE KEY `django_content_type_app_label_model_76bd3d3b_uniq` (`app_label`,`model`)
) ENGINE=InnoDB AUTO_INCREMENT=13 DEFAULT CHARSET=utf8;
/*!40101 SET character_set_client = @saved_cs_client */;

--
-- Dumping data for table `django_content_type`
--

LOCK TABLES `django_content_type` WRITE;
/*!40000 ALTER TABLE `django_content_type` DISABLE KEYS */;
INSERT INTO `django_content_type` VALUES (5,'admin','logentry'),(7,'auth','group'),(6,'auth','permission'),(8,'auth','user'),(9,'contenttypes','contenttype'),(3,'request','partrequest'),(1,'request','partsinv'),(11,'request','timerecord'),(2,'request','unitbasicinfo'),(10,'sessions','session'),(4,'users','users'),(12,'warranty','invoice');
/*!40000 ALTER TABLE `django_content_type` ENABLE KEYS */;
UNLOCK TABLES;

--
-- Table structure for table `django_migrations`
--

DROP TABLE IF EXISTS `django_migrations`;
/*!40101 SET @saved_cs_client     = @@character_set_client */;
 SET character_set_client = utf8mb4 ;
CREATE TABLE `django_migrations` (
  `id` int(11) NOT NULL AUTO_INCREMENT,
  `app` varchar(255) NOT NULL,
  `name` varchar(255) NOT NULL,
  `applied` datetime(6) NOT NULL,
  PRIMARY KEY (`id`)
) ENGINE=InnoDB AUTO_INCREMENT=55 DEFAULT CHARSET=utf8;
/*!40101 SET character_set_client = @saved_cs_client */;

--
-- Dumping data for table `django_migrations`
--

LOCK TABLES `django_migrations` WRITE;
/*!40000 ALTER TABLE `django_migrations` DISABLE KEYS */;
INSERT INTO `django_migrations` VALUES (1,'request','0001_initial','2018-06-11 15:57:14.470503'),(2,'request','0002_unitbasicinfo','2018-06-11 15:57:14.595502'),(3,'request','0003_auto_20180524_1713','2018-06-11 15:57:14.861161'),(4,'request','0004_auto_20180524_1718','2018-06-11 15:57:15.298662'),(5,'request','0005_auto_20180526_1658','2018-06-11 15:57:15.361162'),(6,'request','0006_auto_20180526_1709','2018-06-11 15:57:15.454916'),(7,'request','0007_unitbasicinfo_warrantynote','2018-06-11 15:57:15.595538'),(8,'request','0008_auto_20180526_2254','2018-06-11 15:57:16.220537'),(9,'request','0009_auto_20180527_2255','2018-06-11 15:57:16.298667'),(10,'request','0010_unitbasicinfo_finished','2018-06-11 15:57:16.392416'),(11,'request','0011_auto_20180528_0022','2018-06-11 15:57:16.470537'),(12,'request','0012_auto_20180529_1449','2018-06-11 15:57:16.595599'),(13,'request','0013_auto_20180530_1008','2018-06-11 15:57:16.673665'),(14,'request','0014_partrequest_code','2018-06-11 15:57:16.783039'),(15,'users','0001_initial','2018-06-11 15:57:23.564260'),(16,'users','0002_auto_20180527_0158','2018-06-11 15:57:23.673644'),(17,'users','0003_users_group','2018-06-11 15:57:23.751794'),(18,'users','0004_auto_20180527_2255','2018-06-11 15:57:24.017417'),(19,'users','0005_auto_20180528_0259','2018-06-11 15:57:24.033046'),(20,'users','0006_auto_20180529_1445','2018-06-11 15:57:24.048671'),(21,'users','0007_auto_20180611_1051','2018-06-11 15:57:24.064294'),(22,'contenttypes','0001_initial','2018-06-11 15:58:00.376792'),(23,'auth','0001_initial','2018-06-11 15:58:01.267509'),(24,'admin','0001_initial','2018-06-11 15:58:01.517451'),(25,'admin','0002_logentry_remove_auto_add','2018-06-11 15:58:01.548705'),(26,'contenttypes','0002_remove_content_type_name','2018-06-11 15:58:01.736168'),(27,'auth','0002_alter_permission_name_max_length','2018-06-11 15:58:01.845608'),(28,'auth','0003_alter_user_email_max_length','2018-06-11 15:58:01.939330'),(29,'auth','0004_alter_user_username_opts','2018-06-11 15:58:01.970543'),(30,'auth','0005_alter_user_last_login_null','2018-06-11 15:58:02.095574'),(31,'auth','0006_require_contenttypes_0002','2018-06-11 15:58:02.111201'),(32,'auth','0007_alter_validators_add_error_messages','2018-06-11 15:58:02.142454'),(33,'auth','0008_alter_user_username_max_length','2018-06-11 15:58:02.298668'),(34,'auth','0009_alter_user_last_name_max_length','2018-06-11 15:58:02.408081'),(35,'sessions','0001_initial','2018-06-11 15:58:02.486202'),(36,'request','0015_auto_20180610_0234','2018-06-11 16:14:24.497039'),(37,'request','0016_timerecord','2018-06-11 16:14:24.559574'),(38,'users','0007_auto_20180610_0234','2018-06-11 16:14:24.575197'),(39,'users','0008_merge_20180611_1114','2018-06-11 16:14:24.590827'),(40,'request','0017_auto_20180611_1316','2018-06-11 18:20:20.953513'),(41,'request','0018_auto_20180611_1443','2018-06-11 19:43:31.424573'),(42,'request','0019_auto_20180611_1530','2018-06-11 20:30:45.598843'),(43,'request','0020_auto_20180611_1547','2018-06-11 20:47:18.990248'),(44,'request','0021_partrequest_pre_diagnosis','2018-06-11 21:05:24.866188'),(45,'request','0022_auto_20180612_1627','2018-06-12 21:27:20.080307'),(46,'request','0023_auto_20180613_1558','2018-06-13 20:59:13.780708'),(47,'request','0024_partrequest_sn','2018-06-13 21:54:41.658497'),(48,'request','0025_auto_20180614_1425','2018-06-14 19:26:10.068316'),(49,'warranty','0001_initial','2018-06-15 15:32:34.914071'),(50,'request','0026_auto_20180617_1117','2018-06-17 18:45:39.027651'),(51,'users','0009_auto_20180617_1345','2018-06-17 18:45:39.058963'),(52,'warranty','0002_auto_20180617_1345','2018-06-17 18:45:39.121469'),(53,'warranty','0003_invoice_add_time','2018-06-18 14:51:36.052401'),(54,'request','0027_auto_20180618_1517','2018-06-18 20:17:27.772013');
/*!40000 ALTER TABLE `django_migrations` ENABLE KEYS */;
UNLOCK TABLES;

--
-- Table structure for table `django_session`
--

DROP TABLE IF EXISTS `django_session`;
/*!40101 SET @saved_cs_client     = @@character_set_client */;
 SET character_set_client = utf8mb4 ;
CREATE TABLE `django_session` (
  `session_key` varchar(40) NOT NULL,
  `session_data` longtext NOT NULL,
  `expire_date` datetime(6) NOT NULL,
  PRIMARY KEY (`session_key`),
  KEY `django_session_expire_date_a5c62663` (`expire_date`)
) ENGINE=InnoDB DEFAULT CHARSET=utf8;
/*!40101 SET character_set_client = @saved_cs_client */;

--
-- Dumping data for table `django_session`
--

LOCK TABLES `django_session` WRITE;
/*!40000 ALTER TABLE `django_session` DISABLE KEYS */;
INSERT INTO `django_session` VALUES ('155nkbmylato5e7vlefi3alc6apt6gcc','NjcyNjE1MDhkMTZjMGMxYTgyZWM1ODc4MzFjMjE2ZTRiOGU3ZGE2Nzp7ImlzX2xvZ2luIjp0cnVlLCJ1c2VyX2NvZGUiOiIxMyIsInVzZXJfbmFtZSI6IldhcnJhbnR5IENoZWNrIiwidXNlcl9ncm91cCI6IndhcnJhbnR5In0=','2018-06-29 21:01:17.671323'),('1wq9jnhvf1aboeptktxb6zlqgun0tm21','NjcyNjE1MDhkMTZjMGMxYTgyZWM1ODc4MzFjMjE2ZTRiOGU3ZGE2Nzp7ImlzX2xvZ2luIjp0cnVlLCJ1c2VyX2NvZGUiOiIxMyIsInVzZXJfbmFtZSI6IldhcnJhbnR5IENoZWNrIiwidXNlcl9ncm91cCI6IndhcnJhbnR5In0=','2018-07-02 22:04:21.046025'),('2g3nzoufpm9dxrlsomdv64o58jkej9f4','YzI2ZTAwNWY2MzEwMGQ3ZDAzYjE2N2E2MTkxYTQ2ZDAxNzRlZjNjZDp7ImlzX2xvZ2luIjp0cnVlLCJ1c2VyX2NvZGUiOiI4IiwidXNlcl9uYW1lIjoiQW1hbmRhIiwidXNlcl9ncm91cCI6ImFkbWluZHAifQ==','2018-07-02 21:59:29.756997'),('ag564uajjwos6xkfdhu62x9k48rlwvx6','ZjA2N2FlNjNkNjkzYjNlNTRkNDlkYmQxMTZlNTg2Mzc5YWU4NjhkMzp7ImlzX2xvZ2luIjp0cnVlLCJ1c2VyX2NvZGUiOiIxNSIsInVzZXJfbmFtZSI6IlBhcnRzIiwidXNlcl9ncm91cCI6InBhcnRzIn0=','2018-07-02 23:24:07.449365'),('e9mkzdy74vlp8l04drfadj4wkhj9nzsi','NmZiZWQ1MzQ4YmZlYWJlNTU5NjExMmU2OTY2N2RkZTAyZDNmNmM2ODp7ImlzX2xvZ2luIjp0cnVlLCJ1c2VyX2NvZGUiOiIyIiwidXNlcl9uYW1lIjoiQ2hsb2UiLCJ1c2VyX2dyb3VwIjoiZGlzcGF0Y2hlciJ9','2018-06-29 19:18:58.623747'),('fcvrtcx2k4w93o7gmxzoseb9bsc48g3q','MGFjYTA3Y2JhNTQ4ZTdiY2YzMTNkNmI5MGNlODJiNzcyZjcyNmI2ZDp7ImlzX2xvZ2luIjp0cnVlLCJ1c2VyX2NvZGUiOiI3IiwidXNlcl9uYW1lIjoiQ2hyaXN0aW5hIiwidXNlcl9ncm91cCI6Im9wZXJhdG9yIiwidW5pdF90eXBlIjoiQ09MRCIsInVuaXRfc24iOiJNQkY4NTA4MDc3MTYwUzI2MDAwNDAwMTMifQ==','2018-07-02 20:30:28.721623'),('gm9e9boncl9xxvgcdylq5dijurkkxmzj','MTcyMGM4NjNjMTQwMGI2Y2EzMTZiMzE3YWE3ZTRhNjEwY2U0Y2U3Yjp7ImlzX2xvZ2luIjp0cnVlLCJ1c2VyX2NvZGUiOiI2IiwidXNlcl9uYW1lIjoiS2F0cmluYSIsInVzZXJfZ3JvdXAiOiJkaXNwYXRjaGVyIn0=','2018-07-02 15:31:01.113352'),('hstgz48a0yy2ecn7vmqsh2f5z6s6fmii','ZjA2N2FlNjNkNjkzYjNlNTRkNDlkYmQxMTZlNTg2Mzc5YWU4NjhkMzp7ImlzX2xvZ2luIjp0cnVlLCJ1c2VyX2NvZGUiOiIxNSIsInVzZXJfbmFtZSI6IlBhcnRzIiwidXNlcl9ncm91cCI6InBhcnRzIn0=','2018-06-29 16:23:11.057252'),('kjk5ytlj6fvjs4mixkrx5j4oej78dncj','ZmFhMWYwODc2ZTkzMGY5MjdhYWI3MDdhMmYzMzI0NDViZmE0ZjBhODp7ImlzX2xvZ2luIjp0cnVlLCJ1c2VyX2NvZGUiOiIxMCIsInVzZXJfbmFtZSI6IkJyYW5kb24iLCJ1c2VyX2dyb3VwIjoib3BlcmF0b3IiLCJ1bml0X3R5cGUiOiJDT0xEIiwidW5pdF9zbiI6Ik1QRjgyMDIwNDIxNjEwMTgwMEM0MDAwNCJ9','2018-07-02 22:05:03.761743'),('o54aj408ct0w2dcbzvq0b1hfqyoelolg','YWFhMzY3MmNlMDI3YmUyNGExOWRlZmQxZTkxZWM1Mjc4M2RiZTFlODp7ImlzX2xvZ2luIjp0cnVlLCJ1c2VyX2NvZGUiOiI0IiwidXNlcl9uYW1lIjoiWWVzaSIsInVzZXJfZ3JvdXAiOiJkaXNwYXRjaGVyIn0=','2018-06-29 19:41:29.234313'),('pw8qsihlglj2z11ds7n1hvzu051dsbhc','Y2EwMTA5ODA2ZjRjZjAyYWU0OWI5Zjc0NDJhZWU0NGIyMDM0YWY1NTp7ImlzX2xvZ2luIjp0cnVlLCJ1c2VyX2NvZGUiOiIxNiIsInVzZXJfbmFtZSI6IkFjY291bnQiLCJ1c2VyX2dyb3VwIjoiYWNjb3VudCJ9','2018-07-02 14:42:09.052098'),('r88i9cd0pz5mzl3yflo03wb87on5jirn','YTdmMGI3ZjJkNTg0NmE2NGZiZGUyYWQ4YzAxNDRkNjBlZDljOGE5MDp7ImlzX2xvZ2luIjp0cnVlLCJ1c2VyX2NvZGUiOiIxMSIsInVzZXJfbmFtZSI6IkFubmEiLCJ1c2VyX2dyb3VwIjoib3BlcmF0b3IiLCJ1bml0X3R5cGUiOiJDT0xEIiwidW5pdF9zbiI6Im1iZjg1MDcwNzcxNjA0MDEwMGM0MDAzNCJ9','2018-07-02 22:42:53.957657'),('sp02dbkmuv9b56jr3t95q70ierjyr67d','NjcyNjE1MDhkMTZjMGMxYTgyZWM1ODc4MzFjMjE2ZTRiOGU3ZGE2Nzp7ImlzX2xvZ2luIjp0cnVlLCJ1c2VyX2NvZGUiOiIxMyIsInVzZXJfbmFtZSI6IldhcnJhbnR5IENoZWNrIiwidXNlcl9ncm91cCI6IndhcnJhbnR5In0=','2018-06-29 19:35:59.234032'),('toreybwm01h02ucp10cu07l7sozcyy1f','ZDNhZWRmMjlmMGZhNTU5NDNhZjQxODMwOGZkNjgwYzA4Mjg2NGZlNDp7ImlzX2xvZ2luIjp0cnVlLCJ1c2VyX2NvZGUiOiIxNSIsInVzZXJfbmFtZSI6IlBhcnRzIiwidXNlcl9ncm91cCI6InBhcnRzIiwiX2F1dGhfdXNlcl9pZCI6IjEiLCJfYXV0aF91c2VyX2JhY2tlbmQiOiJkamFuZ28uY29udHJpYi5hdXRoLmJhY2tlbmRzLk1vZGVsQmFja2VuZCIsIl9hdXRoX3VzZXJfaGFzaCI6IjJiNjNkNzA1ODVmZDg5ZGUyYjM4MGU1OTRmZThmNDZjZTY2YWQ0ZDYifQ==','2018-07-02 23:12:51.157396'),('vq8s7nv7ltm8em9jcdqxq7s1cl4rqfoq','OTE0MWNhN2M3N2M5ZTlkMmFhOTg4MzFkYmQ0ZTRkN2M4ODUyOTI0YTp7ImlzX2xvZ2luIjp0cnVlLCJ1c2VyX2NvZGUiOiIxIiwidXNlcl9uYW1lIjoiSmFuZSIsInVzZXJfZ3JvdXAiOiJkaXNwYXRjaGVyIn0=','2018-06-29 20:39:20.455908'),('xlrqghvcpyvr8e6pp2nx64ou18qaisu6','MGU2YWRlYzUzM2VmNTlmNWE1YzlmOGYxODU2YmE3MDgxZjQyNDRiOTp7ImlzX2xvZ2luIjp0cnVlLCJ1c2VyX2NvZGUiOiI1IiwidXNlcl9uYW1lIjoiU2FtYW50aGEiLCJ1c2VyX2dyb3VwIjoiZGlzcGF0Y2hlciJ9','2018-07-02 14:38:58.051934'),('ybo7jmqo03lpld5c2z068hhdvrl798z7','Y2EwMTA5ODA2ZjRjZjAyYWU0OWI5Zjc0NDJhZWU0NGIyMDM0YWY1NTp7ImlzX2xvZ2luIjp0cnVlLCJ1c2VyX2NvZGUiOiIxNiIsInVzZXJfbmFtZSI6IkFjY291bnQiLCJ1c2VyX2dyb3VwIjoiYWNjb3VudCJ9','2018-06-29 17:18:38.122535'),('yl3ee8x64joqivhazuqzy2mo23vfqcv3','NGM1MWI0OTlkOGNkNTNlMDU3YjE4Y2FiZjEwOGU1N2UwMjJmY2RkMzp7ImlzX2xvZ2luIjp0cnVlLCJ1c2VyX2NvZGUiOiIzIiwidXNlcl9uYW1lIjoiRGFuaWVsYSIsInVzZXJfZ3JvdXAiOiJkaXNwYXRjaGVyIn0=','2018-07-02 11:57:03.946119');
/*!40000 ALTER TABLE `django_session` ENABLE KEYS */;
UNLOCK TABLES;

--
-- Table structure for table `request_partrequest`
--

DROP TABLE IF EXISTS `request_partrequest`;
/*!40101 SET @saved_cs_client     = @@character_set_client */;
 SET character_set_client = utf8mb4 ;
CREATE TABLE `request_partrequest` (
  `id` int(11) NOT NULL AUTO_INCREMENT,
  `sksid` varchar(30) NOT NULL,
  `contact` varchar(50) NOT NULL,
  `number` varchar(30) NOT NULL,
  `name` varchar(70) NOT NULL,
  `shipping_method` varchar(20) NOT NULL,
  `qty` int(11) NOT NULL,
  `request_time` date NOT NULL,
  `tracking` varchar(50) DEFAULT NULL,
  `approved` tinyint(1) NOT NULL,
  `location_add1` varchar(200) NOT NULL,
  `location_add2` varchar(200) DEFAULT NULL,
  `location_city` varchar(20) NOT NULL,
  `location_state` varchar(30) NOT NULL,
  `location_zip` int(11) NOT NULL,
  `code` int(11) NOT NULL,
  `pre_diagnosis` longtext,
  `sn` varchar(30) DEFAULT NULL,
  PRIMARY KEY (`id`)
) ENGINE=InnoDB AUTO_INCREMENT=57 DEFAULT CHARSET=utf8;
/*!40101 SET character_set_client = @saved_cs_client */;

--
-- Dumping data for table `request_partrequest`
--

LOCK TABLES `request_partrequest` WRITE;
/*!40000 ALTER TABLE `request_partrequest` DISABLE KEYS */;
INSERT INTO `request_partrequest` VALUES (6,'SKS062018-D1-2','Mike Smith','W0302162','digital temp controller','',1,'2018-06-13','1Z140R560199416783',0,'8235 North Orange Blossom Trail',NULL,'Orlando','FL',32810,1,'Dispatch Micheal&Charlie to check if the compressor working.','MBF8508AUS100318011100C40005'),(7,'SKS062018-D1-5','Tye','W0401100','Handle, Lid','',1,'2018-06-13','1Z140R560199153610',0,'159 N Hiatus Rd, Pembroke Pines, FL 33026',NULL,'Pembroke Pines','FL',33026,1,'Send new lid handle to the customer.\r\n W0401100	Handle, Lid','MSF8301AUS100317031900C45251'),(8,'SKS062018-D1-7','Mike Ritchie Refrigeration','W0302164','temp controller','',1,'2018-06-13','1Z140R560198437002',0,'4714 Woodward Place',NULL,'Sarasota','FL',34233,1,'Dispatch a tech to replace the temp controller. Explain to the customer that when cleaning they can not get water on the controller. This is the 2nd time this year to replace the controller. We will not replace a 3rd time','MPF8201150209C4003'),(9,'SKS062018-D1-6','Mike Ritchie Refrigeration','W0302018','temp controller','',1,'2018-06-13','1Z140R560198437002',0,'4714 Woodward Place',NULL,'Sarasota','FL',34233,1,'Have customer make sure there is no clog in the drain. If tech(since he will be there for the other 2 units) finds a clog customer needs to be charged for the service call. If not clog seal around the drain pan with silicon and replace the probe.','MPF820204216122800C40016'),(10,'SKS062018-D1-8','Mike Ritchie Refrigeration','W0302018','control board','',1,'2018-06-13','1Z140R560198437002',0,'4714 Woodward Place',NULL,'Sarasota','FL',34233,1,'Dispatch a tech to replace the temp controller. Explain to the customer that when cleaning they can not get water on the controller. This is the 2nd time this year to replace the controller.','MGF8406160130C4008'),(13,'SKS062018-D1-6','Mike Ritchie Refrigeration','W0302018','temp controller','',1,'2018-06-14','1Z140R560199644698',0,'4714 Woodward Place','','Sarasota','FL',34233,1,'Have customer make sure there is no clog in the drain. If tech(since he will be there for the other 2 units) finds a clog customer needs to be charged for the service call. If not clog seal around the drain pan with silicon and replace the probe.','MPF820204216122800C40016'),(14,'SKS062018-D1-6','Mike Ritchie Refrigeration','W0308001','switch, power','',1,'2018-06-14','1Z140R560199644698',0,'4714 Woodward Place',NULL,'Sarasota','FL',34233,1,'Have customer make sure there is no clog in the drain. If tech(since he will be there for the other 2 units) finds a clog customer needs to be charged for the service call. If not clog seal around the drain pan with silicon and replace the probe.','MPF820204216122800C40016'),(17,'SKS062018-D1-11','SSI Services','301030039','Safety Valve','',1,'2018-06-15','1Z140R560192017913',0,'333 N. Falkenburg Rd. Unit B-223','','Tampa','FL',33619,1,'Dispatch a tech to replace the safety valve(301030039 ) and the Thermocouple(301030040).','ATO-2B24GAUS200317021500c40010'),(18,'SKS062018-D1-11','SSI Services','301030040','Thermocouple','',1,'2018-06-15','1Z140R560192017913',0,'333 N. Falkenburg Rd. Unit B-223',NULL,'Tampa','FL',33619,1,'Dispatch a tech to replace the safety valve(301030039 ) and the Thermocouple(301030040).','ATO-2B24GAUS200317021500c40010'),(19,'SKS062018-D1-10','Robert Hill ( Inhouse Tech)','W0204003','filter drier','',1,'2018-06-15','1Z140R560292414527',0,'7575-A Ponce De Leon Circle','','Doraville','GA',30340,1,'Dispatch in house tech to check the unit for a leak near the evap coil','MSF830204216072100C40017'),(20,'SKS062018-D1-10','Robert Hill ( Inhouse Tech)','W0201612','compressor','',1,'2018-06-15','1Z140R560292414527',0,'7575-A Ponce De Leon Circle',NULL,'Doraville','GA',30340,1,'Dispatch in house tech to check the unit for a leak near the evap coil','MSF830204216072100C40017'),(21,'SKS062018-D1-16','Sisk Restaurant Repair Services','W0302162','CONTROLLER','',1,'2018-06-15','1Z140R564495122286',0,'2791 Eagle Lake Drive','','Clermont','FL',34711,1,'','MBF800307917020600C40001'),(24,'SKS062018-D1-13','Columbus Store Equipment','W0604011R','RIGHT SLIDE RAIL','',1,'2018-06-18','1Z140R560392913147',0,'1101 6th Avenue','','Columbus','GA',31901,1,'Dispatch a tech to replace broken slides only, Send 1 right, 1 left, and 2 rollers  Ask them to tighten up call the rollers and slide, use lock tight on all screw.','MGF8452AUS100317031500C40001'),(25,'SKS062018-D1-13','Columbus Store Equipment','W0604011L','LEFT SIDE RAIL','',1,'2018-06-18','1Z140R560392913147',0,'1101 6th Avenue','','Columbus','GA',31901,1,'Dispatch a tech to replace broken slides only, Send 1 right, 1 left, and 2 rollers  Ask them to tighten up call the rollers and slide, use lock tight on all screw.','MGF8452AUS100317031500C40001'),(26,'SKS062018-D1-13','Columbus Store Equipment','W0604010','ROLLERS','',2,'2018-06-18','1Z140R560392913147',0,'1101 6th Avenue','','Columbus','GA',31901,1,'Dispatch a tech to replace broken slides only, Send 1 right, 1 left, and 2 rollers  Ask them to tighten up call the rollers and slide, use lock tight on all screw.','MGF8452AUS100317031500C40001'),(27,'SKS062018-D1-18','Complete Restaurant Equipment','W0302017','CONTROL BOARD','',1,'2018-06-18','1Z140R560192022256',0,'3929 US HWY 1','','VERO BEACH','FL',32960,1,'Dispatch a tech to check the unit for burnt wires. Send a control board a 3 green clips','MSF8303AUS100317021500C40026'),(28,'SKS062018-D1-17','Jakris Sales & Service Inc','W0308012','SWITCH, DOOR','',2,'2018-06-18','1Z140R560194936060',0,'4819 110th Terrace N','','Clearwater','FL',33762,1,'Dispatch Jakris  to replace the door switches','MBF850307716051600C40023'),(29,'SKS062018-D2-1','Hagar Parts & Service','0000000','PROBE','',1,'2018-06-18','1Z140R560392543154',0,'6200 NW 2nd Street,','','Oklahoma City','OK',73127,2,'Check with the customer that they have cleaned the drain hose. Explain that if clogged they will be responsible for the service call. If there is no clog and leaking is inside the unit,  have the tech replace the probe(following service Bulletin) and seal around the edge of the drain pan with silicone. If the unit is leaking outside ask the tech to install wicking paper in the condensation pan.','MBF800507716061100C40001'),(30,'SKS062018-D2-2','Kitchen Equipment Solutions (KES)','00000','WHITE PROBE','',1,'2018-06-18','1Z140R560392578966',0,'8760A Research Blvd, Box 299,','','Austin','TX',78753,2,'Dispatch a to replace the white probe and check the parameters','msf830804216060600c40004'),(31,'SKS062018-D2-5','Cool Results Refrigeration','00000','LEFT TOP HINGE','',1,'2018-06-18',NULL,0,'1419 Corral Drive','','Houston','TX',77090,2,'Dispatch tech to replace the top and bottom hinges for the left door','MCF870707716102000C40011'),(32,'SKS062018-D2-5','Cool Results Refrigeration','00000','LEFT BOTTOM HINGE','',1,'2018-06-18',NULL,0,'1419 Corral Drive','','Houston','TX',77090,2,'Dispatch tech to replace the top and bottom hinges for the left door','MCF870707716102000C40011'),(34,'SKS062018-D6-2','EDDIE DELGADO (IN HOUSE TECH.)','W0301905','Motor, Fan, Condenser','',1,'2018-06-18','1Z140R560193385014',0,'1225 W. Imperial Hwy.','','Brea','CA',92821,6,'Dispatch tech to replace the condenser fan motor and test the unit onsite.','MSF830804217010600C40028'),(35,'SKS062018-D1-20','Don Crabb Services, Inc.','W0604028','HINGE, BOTTOM, RIGHT','',1,'2018-06-18','1Z140R560191443982',0,'30 Queen Anne CtBeach FL','','Ormond Beach','FL',32174,1,'Dispatch tech to replace the bottom right hinge.','MSF83020421610500C40011'),(36,'SKS062018-D2-6','Kitchen Equipment Solutions (KES)','0000','HIGH LIMIT','',1,'2018-06-18','1Z140R560393384575',0,'5830 West 34th Street, Box 252','','Houston','TX',77092,2,'Dispatch tech to check both unit, send thermostat and high limit for both units','ATFS-40AUS100317111700C40064'),(37,'SKS062018-D2-6','Kitchen Equipment Solutions (KES)','0000','THERMOSTAT','',1,'2018-06-18','1Z140R560393384575',0,'5830 West 34th Street, Box 252','','Houston','TX',77092,2,'Dispatch tech to check both unit, send thermostat and high limit for both units','ATFS-40AUS100317111700C40064'),(38,'SKS062018-D2-7','Kitchen Equipment Solutions (KES)','00000','HIGH LIMIT','',1,'2018-06-18','1Z140R560393384575',0,'5830 West 34th Street, BOX 252','','Houston','TX',77092,2,'Dispatch tech to check both unit, send thermostat and high limit for both units','ATFS-40AUS100317111700C40066'),(39,'SKS062018-D2-7','Kitchen Equipment Solutions (KES)','000','THERMOSTAT','',1,'2018-06-18','1Z140R560393384575',0,'5830 West 34th Street, BOX 252','','Houston','TX',77092,2,'Dispatch tech to check both unit, send thermostat and high limit for both units','ATFS-40AUS100317111700C40066'),(40,'SKS062018-D6-6','JOHN','NO PART NUMBER','SPRAY ADHESIVE','',1,'2018-06-18','1Z140R560291699624',0,'2259 EAST MAPLE AVENUE','','EL SEGUNDA','CA',90245,6,'Send customer spray adhesive to reattach the inside panel of the door.','MBF8503077100C40020'),(41,'SKS062018-D1-24','Cline Commercial Services, Inc.','W0302164','CONTROLLER','',1,'2018-06-18','1Z140R560191460203',0,'923 West Forsyth Street','','Jacksonville','FL',32204,1,'Dispatch tech to replace the the controller','MPF8202GRAUS100317121900C40009'),(42,'SKS062018-D5-10','FOOD EQUIPMENT SERVICE','0000000000','CONTROLLER','',1,'2018-06-18','1Z140R560192488030',0,'3316 A OLD TRAIL','','WILMINGTON','DE',19808,5,'Dispatch a tech to replace the controller','MGF845104217011300C40003'),(43,'SKS062018-D2-9','Rite-Temp Refrigeration, LLC','0000','ROOM PROBE','',1,'2018-06-18','1Z140R560390554244',0,'433119 E. 260th Rd,','','Vinita','OK',74301,2,'Dispatch tech to replace the probe and test the unit on site','MSF830204216061700C40010'),(44,'SKS062018-D6-3','FR Gardner HVAC','W0310215','Heater, Hose, Drain, Long (87\" long)','',1,'2018-06-18','1Z140R561392859670',0,'4433 Bela Way','','Carmichael','CA',95608,6,'Dispatch a tech to replace the drain hose heater, send long drain hose heater. Ask the customer to turn the unit off the night before and leave the doors open so the drain can thaw out','MCF870307716032800C40002'),(45,'SKS062018-D1-25','Robert Hill ( Inhouse Tech)','W0399117','POWER SUPPLY','',1,'2018-06-18','1Z140R560193192295',0,'7575-A Ponce De Leon Circle','','Doraville','GA',30340,1,'Dispatch tech to replace the power supply.','MGF8405AUS100317022200C40013'),(46,'SKS062018-D2-10','DQUINCEY ROBINSON','00000','BURNER','',1,'2018-06-18','1Z140R560391477086',0,'23770 Springwoods Village Pkwy','','Spring','TX',77373,2,'Only send the burner to customer, No tech needed.\r\nCustomer will install the burner by themselves.','ATHP-12-2AUS100317081500C40005'),(47,'SKS062018-D2-13','Cool Results Refrigeration ( First Priority)','00000','CONTROL BOARD','',1,'2018-06-18','NO NEED',0,'2919 PHEASANT RUN','','HUMBLE','TX',77396,2,'Dispatch tech to replace the control board and green clip','MSF8308AUS100317031800C44895'),(48,'SKS062018-D2-13','Cool Results Refrigeration ( First Priority)','00000','GREEN CLIP','',1,'2018-06-18','NO NEED',0,'2919 PHEASANT RUN','','HUMBLE','TX',77396,2,'Dispatch tech to replace the control board and green clip','MSF8308AUS100317031800C44895'),(49,'SKS062018-D6-4','FR Gardner HVAC','W0604025','Hinge, Left, Bottom','',1,'2018-06-18','1Z140R560190081357',0,'4433 Bela Way','','Carmichael','CA',95608,6,'Dispatch a tech to replace the bottom left hinge','MCF8707AUS100317090600C40027'),(50,'SKS062018-D6-9','ASA AC Heating Refrigeration (First Priority)','301030006','Thermocouple','',1,'2018-06-18','1Z140R560194729301',0,'13214 Fenton Ave.','','Sylamar','CA',91342,6,'Dispatch tech to replace the thermocouple','ATFS40AUS100317101100C40100'),(51,'SKS062018-D4-7','Willamette Valley Refrigeration, LLC','MBF8005AUS','WHITE PROBE MBF8005AUS','',1,'2018-06-18','1Z140R560192364726',0,'3626 Greenwood Street','','Eugene','OR',97404,4,'Dispatch tech to replace the white probe and check the parameters onsite.','MBF8005AUS100318031500C40010'),(52,'SKS062018-D4-7','Willamette Valley Refrigeration, LLC','MBF8005AUS','TEMP CONTROLLER MBF8005AUS','',1,'2018-06-18','1Z140R560192364726',0,'3626 Greenwood Street','','Eugene','OR',97404,4,'Dispatch tech to replace the white probe and check the parameters onsite.','MBF8005AUS100318031500C40010'),(53,'SKS062018-D6-8','GARY S. WAN','W0308012','DOOR SWITCH','',1,'2018-06-18','1Z140R560192732113',0,'5985 S Helena St.','','Centennial','CA',80016,6,'Dispatch a tech to replace/bypass the door switch','MBF850507716070600C40017'),(54,'SKS062018-D4-8','Tim\'s Comfort Plus','MBF8503AUS','LEFT DOOR BOTTOM HINGE MBF8503AUS','',1,'2018-06-18','1Z140R560192273164',0,'6507 E. Mallon Avenue,  WA','','Spokane Valley','WA',99212,4,'Dispatch a tech to replace the bottom left hinge','MBF8503AUS100317080900C40008'),(55,'SKS062018-D4-10','Cool Temp Inc.','ato-6baus200317041700c40016','thermocouple','',1,'2018-06-18','1Z140R560193911132',0,'10165 SW Commerce Circle, Suite C, OR','','Wilsonville','OR',97070,4,'Dispatch a tech to replace the thermocouple and test unit on site','ato-6baus200317041700c40016'),(56,'SKS062018-D6-10','Novation Commercial Services LLC','W0302304','Probe, White','',1,'2018-06-18','1Z140R560192375349',0,'409 Delozier Dr. Unit B','','Fort Collins','CO',80524,6,'Dispatch a tech to replace the probe and test the unit on site','MSF830704216052900C40016');
/*!40000 ALTER TABLE `request_partrequest` ENABLE KEYS */;
UNLOCK TABLES;

--
-- Table structure for table `request_timerecord`
--

DROP TABLE IF EXISTS `request_timerecord`;
/*!40101 SET @saved_cs_client     = @@character_set_client */;
 SET character_set_client = utf8mb4 ;
CREATE TABLE `request_timerecord` (
  `id` int(11) NOT NULL AUTO_INCREMENT,
  `ref` int(11) NOT NULL,
  `call` datetime(6) NOT NULL,
  `pre_diagnosis` datetime(6) NOT NULL,
  `tech` datetime(6) NOT NULL,
  `part` datetime(6) NOT NULL,
  PRIMARY KEY (`id`)
) ENGINE=InnoDB DEFAULT CHARSET=utf8;
/*!40101 SET character_set_client = @saved_cs_client */;

--
-- Dumping data for table `request_timerecord`
--

LOCK TABLES `request_timerecord` WRITE;
/*!40000 ALTER TABLE `request_timerecord` DISABLE KEYS */;
/*!40000 ALTER TABLE `request_timerecord` ENABLE KEYS */;
UNLOCK TABLES;

--
-- Table structure for table `request_unitbasicinfo`
--

DROP TABLE IF EXISTS `request_unitbasicinfo`;
/*!40101 SET @saved_cs_client     = @@character_set_client */;
 SET character_set_client = utf8mb4 ;
CREATE TABLE `request_unitbasicinfo` (
  `id` int(11) NOT NULL AUTO_INCREMENT,
  `businessName` varchar(100) NOT NULL,
  `contactName` varchar(50) NOT NULL,
  `serialNumber` varchar(50) NOT NULL,
  `phone` varchar(15) DEFAULT NULL,
  `email` varchar(254) DEFAULT NULL,
  `location_add1` varchar(200) NOT NULL,
  `location_add2` varchar(200) DEFAULT NULL,
  `location_city` varchar(20) NOT NULL,
  `location_state` varchar(30) NOT NULL,
  `location_zip` int(11) NOT NULL,
  `issue` longtext NOT NULL,
  `warranty` tinyint(1) DEFAULT NULL,
  `tsq` longtext,
  `techName` varchar(50) DEFAULT NULL,
  `techPhone` varchar(15) DEFAULT NULL,
  `techEmail` varchar(254) DEFAULT NULL,
  `scheDate` date DEFAULT NULL,
  `callTime` datetime(6) NOT NULL,
  `warrantyNote` longtext,
  `areaCode` int(11) NOT NULL,
  `receiver` varchar(50) DEFAULT NULL,
  `techNote` longtext,
  `sksid` varchar(20) DEFAULT NULL,
  `finished` tinyint(1) NOT NULL,
  `pre_diagnosis` longtext,
  `followup_customer` longtext,
  `followup_customer_time` datetime(6),
  `followup_tech` longtext,
  `followup_tech_time` datetime(6),
  `tech_add1` varchar(200) DEFAULT NULL,
  `tech_add2` varchar(200) DEFAULT NULL,
  `tech_city` varchar(20) DEFAULT NULL,
  `tech_state` varchar(30) DEFAULT NULL,
  `tech_zip` int(11) DEFAULT NULL,
  `business_hour` varchar(80) DEFAULT NULL,
  `pre_diagnosis_flag` tinyint(1) NOT NULL,
  PRIMARY KEY (`id`)
) ENGINE=InnoDB AUTO_INCREMENT=127 DEFAULT CHARSET=utf8;
/*!40101 SET character_set_client = @saved_cs_client */;

--
-- Dumping data for table `request_unitbasicinfo`
--

LOCK TABLES `request_unitbasicinfo` WRITE;
/*!40000 ALTER TABLE `request_unitbasicinfo` DISABLE KEYS */;
INSERT INTO `request_unitbasicinfo` VALUES (5,'Atlanta Breakfast Club','cyrus','10BAUS100318032200C40018','(305) 753-3688',NULL,'249 Ivan Allen Jr Blvd NW,',NULL,'Atlanta','GA',30313,'(Unit installed 2 hrs ago) Customer lights the left side pilot, every thing is working fine but every time he lights the right side there is a big flame on the oven..Since this is a brand new Unit thats having a problem , customer asking if He can replace the unit.',1,'The pilot can be lighted on: YES<br>The pilot can stay on: YES<br>The burner can be turned on: YES','NA','(000) 000-0000','DISPATCHER4@GMIAL.COM','2022-02-22','2018-06-12 16:06:18.079813','6/11/2018, ATLANTA, 3017141\r\nBilled To: Mr. V\'s Restaurant Equipment\r\nDealer picked up the unit',4,'Anna','Scheduled Time: 2022-02-22 22:22:00-06:00\nName: NA\nPhone: (000) 000-0000\nEmail: DISPATCHER4@GMIAL.COM\nNote: TESTING SYSTEM BY MANAGEMENT.\n\nScheduled Time: 2022-02-22 22:22:00-06:00\nName: NA\nPhone: (000) 000-0000\nEmail: DISPATCHER4@GMIAL.COM\nNote: TESTING SYSTEM BY MANAGEMENT.\n\nScheduled Time: 2022-02-22 22:22:00-06:00\nName: NA\nPhone: (000) 000-0000\nEmail: DISPATCHER4@GMIAL.COM\nNote: TESTING SYSTEM BY MANAGEMENT.\n','SKS062018-D4-1',1,'Customer or dealer drilled screws on the bottom to install casters. and made holes on the gas pipe.\r\nSo it is not  under warranty.   The person who drilled holes should take the responsibility.','2018-06-18 09:15:51.687470\nTESTING SYSTEM BY MANAGEMENT ','2018-06-18 14:16:19.578091','2018-06-18 09:16:00.781230\nCOMPLETE ','2018-06-18 14:16:19.578091','FFSHSF','','FDSDD','AL',76133,NULL,1),(6,'Dairy Queen','Hany','MSF8302AUS100317021500C40021','(727) 946-3558','','3101 66th St N','','St. Petersburg','FL',33710,'TEMP TOO HOT',0,'Filter Clean: Within 1 month\nDisplay Temperature: 58\nReal Temperature: 59\nController: Digital\nSnowflake Icon: ON\nFan Icon: ON\nIce on Evap: NO\nCond Fan Running: YES\nEvap Fan Running: YES\nCompressor running: NO\nDoor issue: NONE\n',NULL,NULL,NULL,NULL,'2018-06-12 20:50:38.297238','MSF8302AUS100317021500C40021 \r\nOUT OF WARRANTY\r\nOriginal serial: MSF8302150712C4007',4,'Anna',NULL,'SKS062018-D4-2',0,NULL,NULL,'2018-06-12 21:18:04.720487',NULL,'2018-06-12 21:18:04.720487',NULL,NULL,NULL,NULL,NULL,NULL,0),(7,'Sammy\'s Italian Restaurant','Taulie','mbf850407916062700c40006','(352) 361-5534',NULL,'9668 N, US-301',NULL,'Wildwood','FL',34785,'running in a hot temp.. It wont run below 30.. Little bit icey at the back where the drain pipes drip water..',1,'Filter Clean: Within 1 month\r\nDisplay Temperature: 33\r\nReal Temperature: UNKNOWN\r\nController: Digital\r\nSnowflake Icon: ON\r\nFan Icon: ON\r\nIce on Evap: NO\r\nCond Fan Running: YES\r\nEvap Fan Running: YES\r\nCompressor running: YES\r\nDoor issue: NONE','United Refrigeration, Inc. (URI)','(352) 629-1187','ahodges@unitedrefrigerationocala.com','2018-06-14','2018-06-12 21:16:58.204810','11/21/2017, ORLANDO, ATFL8807\r\nBilled to: Bay Area Wholesale\r\nDealer picked up the unit',1,'Anna','Scheduled Time: 2018-06-12 10:00:00-05:00\r\nName: United Refrigeration, Inc. (URI)\r\nPhone (352) 629-1187\r\nEmail kroberts@unitedrefrigerationocala.com\r\nNote 3730 NE 44th Street, Ocala FL 34479  -25.5 MILES / 44 MINUTES\r\n\r\nScheduled Time: 2018-06-14 17:00:00-05:00\r\nName: United Refrigeration, Inc. (URI)\r\nPhone (352) 629-1187\r\nEmail ahodges@unitedrefrigerationocala.com\r\nNote 3730 NE 44th Street, Ocala FL 34479 \r\n\r\n-25.5 MILES / 44 MINUTES  \r\n\r\nOPERATOR PLEASE NOTE: Scheduled service time is approximate  for sometime today or tomorrow.','SKS062018-D1-1',1,'Dispatch a tech to bypass the general relay (see service Bulletin)','2018-06-15 13:02:18.593452\r\ntechnician completed service  request. The unit is up and running for now. Will call back if there are any other issues.','2018-06-17 18:50:48.340413','2018-06-14 11:35:05.356662\r\nTech has been in touch with the customer and has the work order request on the schedule. Tech is trying to get to them today, but he has also arranged a morning appt as a backup.\r\n2018-06-15 10:10:12.319204\r\nAs of 10:00 Am - Tech on site working on preliminary diagnosis.  Will notify and update when complete.','2018-06-17 18:50:48.340413',NULL,NULL,NULL,NULL,NULL,NULL,1),(11,'New York Pizza Baby','Mike','MBF8508AUS100318011100C40005','(407) 876-2459',NULL,'380 Semoran Commerce Pl A104,',NULL,'Apopka','FL',32703,'NEW UNIT- JUST INSTALLED THIS MORNING. TEMPERATURE WON\'T GO DOWN BELOW 90.. TECH/DEALER WANTS TO WORK ON IT ASAP: CHARLIES RESTAURANT EQUIPMENT- 407-521-1861',1,'Filter Clean: Within 1 month\r\nDisplay Temperature: 90\r\nReal Temperature: UNKNOWN\r\nController: Digital\r\nSnowflake Icon: ON\r\nFan Icon: ON\r\nIce on Evap: NO\r\nCond Fan Running: YES\r\nEvap Fan Running: YES\r\nCompressor running: YES\r\nDoor issue: NONE','Charlie\'s Restaurant Equipment','(407) 521-1861','mikescw1@gmail.com','2018-06-13','2018-06-13 14:48:11.887053','6/11/2018, ORLANDO, 3017261\r\nBilled To: Charlie\'s Restaurant Equipment\r\nDealer picked up the unit',1,'Anna','Scheduled Time: 2018-06-13 10:49:00-05:00\r\nName: Charlie\'s Restaurant Equipment\r\nPhone (407) 521-1861\r\nEmail mikescw1@gmail.com\r\nNote TECH ADDRESS: 8235 North Orange Blossom Trail, Orlando FL \r\n\r\n3.9 mi. About 8 mins','SKS062018-D1-2',1,'Dispatch Micheal&Charlie to check if the compressor working.','2018-06-15 10:00:22.459349\r\nCorrect telephone number for the restaurant.  # (407) 464-7157.  Confirmed with employee that the service has been completed and the unit is working as it should.','2018-06-17 18:50:57.512296','2018-06-14 11:38:28.966188\r\nTech found the controller to be bad.\r\nTech just received overnighted part and  will install it within the hour.\r\n2018-06-15 09:55:09.318452\r\nTech states: All done.  Working great!','2018-06-17 18:50:57.512296',NULL,NULL,NULL,NULL,NULL,NULL,1),(12,'Safety Harbor Resort','Esti','MCF8707151008C4006','(727) 252-3804',NULL,'105 N Bayshore Dr, Safety Harbor, FL 34695',NULL,'Safety Harbor','FL',34695,'Not cooling. BAD COMPRESSOR TURNS ON AND OFF.',0,'Filter Clean: Within 1 month\r\nDisplay Temperature: 50\r\nReal Temperature: 50\r\nController: Digital\r\nSnowflake Icon: ON\r\nFan Icon: ON\r\nIce on Evap: NO\r\nCond Fan Running: YES\r\nEvap Fan Running: YES\r\nCompressor running: NO\r\nDoor issue: NONE',NULL,NULL,NULL,NULL,'2018-06-13 15:59:32.078148','OUT OF WARRANTY\r\n2/5/2016, ORLANDO, ATFL3912\r\nBilled and Shipped To; \r\nNew and NEarly New Rest. Equipment',1,'Brandon','','SKS062018-D1-3',1,'','','2018-06-15 22:46:01.736408','','2018-06-15 22:46:01.736408',NULL,NULL,NULL,NULL,NULL,NULL,0),(13,'POPPY\'S ITALIANO','lOROS','MSF830604216050400C40008','(904) 891-2801',NULL,'832-1 A1A N','SUIT #1','Ponte Vedra Beach','FL',32082,'CUSTOMER CLEANED THE DRAIN PIPES, NOTHING IS CLOGGED, CHECKED THE PAN NOTHING IS WRONG, BUT THERE IS LOT OF WATER INSIDE THE UNIT. EVERY MORNING THE CUSTOMER COMES IN THE UNIT IS FILLED WITH WATER. NO OTHER REFRIGERATION PROBLEM',1,'Filter Clean: Within 1 month\r\nDisplay Temperature: 38\r\nReal Temperature: 38\r\nController: Digital\r\nSnowflake Icon: ON\r\nFan Icon: ON\r\nIce on Evap: NO\r\nCond Fan Running: YES\r\nEvap Fan Running: YES\r\nCompressor running: YES\r\nDoor issue: NONE','Cline Commercial Services','(904) 356-7986','clinecommercial@gmail.com','2018-06-14','2018-06-13 16:39:46.377043','6/16/2016, \r\nHOUSTON, \r\nATHS1365\r\nBilled and Shipped To: \r\nG&S Restaurant Equipment',1,'Anna','Scheduled Time: 2018-06-14 00:00:00-05:00\r\nName: Cline Commercial Services\r\nPhone (904) 356-7986\r\nEmail clinecommercial@gmail.com\r\nNote 923 West Forsyth Street Jacksonville FL 32204\r\n\r\n24.0 mi. About 28 mins\r\n\r\nAPPROXIMATE ETA FOR SOMETIME TOMORROW','SKS062018-D1-4',0,'Dispatch tech to check the unit for a clog in the drain. If found they will need to charge the customer. If there is not clog ask them  to replace the probe and put silicon around the edge of the drain pan.','','2018-06-18 20:28:21.279300','2018-06-14 11:41:40.450743\r\n\'Loris\' at Poppy\'s said he isn\'t going to pay for tech to come to tell him that whatever the problem is won\'t be under warranty. He is going to call B&B and see if they will pay for it if not under warranty,  so no call is scheduled right now til I hear back from him.\n2018-06-18 15:28:20.716797\nCALLED TO FOLLOW UP. SAME ISSUE, CUST HAS NOT RESPONDED TO INITIAL REQUEST','2018-06-18 20:28:21.279300',NULL,NULL,NULL,NULL,NULL,NULL,1),(14,'Submarine crab','Tye','MSF8301AUS100317031900C45251','(954) 736-8062','KFCMA2@AOL.COM','159 N Hiatus Rd, Pembroke Pines, FL 33026',NULL,'Pembroke Pines','FL',33026,'lid handle broke. Does not need a tech',1,'Filter Clean: Within 1 month\r\nDisplay Temperature: 36\r\nReal Temperature: 36\r\nController: Digital\r\nSnowflake Icon: ON\r\nFan Icon: ON\r\nIce on Evap: UNKNOWN\r\nCond Fan Running: YES\r\nEvap Fan Running: YES\r\nCompressor running: YES\r\nDoor issue: NONE','SUBMARINE CRAB (CUSTOMER)','(954) 736-8062','KFCMA2@AOL.COM','2018-06-14','2018-06-13 17:27:39.566940','MSF8301AUS100317031900C45251\r\n9/28/2017, ORLANDO, ATFL8329\r\nBilled To: Hollywood Rest. Equipment',1,'Brandon','Scheduled Time: 2018-06-14 00:00:00-05:00\r\nName: SUBMARINE CRAB (CUSTOMER)\r\nPhone (954) 736-8062\r\nEmail KFCMA2@AOL.COM\r\nNote 159 N HIATUS RD, PEMBROKE PINES, FL 33026 PEMBROKE PINES FL 33026\r\n\r\n\r\n\r\nCUSTOMER TO INSTALL LID HANDLE','SKS062018-D1-5',1,'Send new lid handle to the customer.\r\n W0401100	Handle, Lid','2018-06-14 11:46:06.794716\r\nCustomer received and installed the lid handle today. Everything is working just fine.','2018-06-17 18:51:29.324819','','2018-06-17 18:51:29.324819',NULL,NULL,NULL,NULL,NULL,NULL,1),(15,'IL CONTE','maleda / alfredo','MPF8201150209C4003','(856) 283-5522',NULL,'8209 Natures Way','Suite103','Lakewood Ranch','FL',34202,'UNIT IS NOT COOLING.. Prefered Tech: Coast Line Heating and Cooling: 941-388-8060.. TECH IS WAITING FOR OUR WORK ORDER SO THAT THEY CAN GO AND WORK AT THE CUSTOMERS LOCATION',1,'','Mike Ritchie Refrigeration','(941) 926-1739','mike_ritchie@verizon.net','2018-06-14','2018-06-13 17:56:03.240252','MPF8201150209C4003\r\n1/24/2017, ORLANDO, ATFL6311\r\nBilled and Shipped To: \r\nFox Restaurant Equipment',1,'Anna','Scheduled Time: 2018-06-14 00:00:00-05:00\r\nName: Mike Ritchie Refrigeration\r\nPhone (941) 926-1739\r\nEmail mike_ritchie@verizon.net\r\nNote 4714 Woodward Place, Sarasota, FL 34233\r\n\r\n\r\nAPPROXIMATE ETA  IS UNKNOWN. TECH TO CALL AND UPDATE.','SKS062018-D1-7',0,'Dispatch a tech to replace the temp controller. Explain to the customer that when cleaning they can not get water on the controller. This is the 2nd time this year to replace the controller. We will not replace a 3rd time','2018-06-15 13:10:29.015768\r\nCalled customer to follow up on service request. left a VM message to return my call.','2018-06-17 18:58:21.997043','','2018-06-17 18:58:21.997043',NULL,NULL,NULL,NULL,NULL,NULL,1),(16,'IL Conte Ristorante & Pizzeria','alfredo','MGF8406160130C4008','(856) 283-5522',NULL,'8209 Natures Way','Suite103','Lakewood Ranch','FL',34202,'it shows 99 and HA on the display- Prefered Tech: Coast Line Heating and Cooling: 941-388-8060',1,'','Mike Ritchie Refrigeration','(941) 926-1739','mike_ritchie@verizon.net','2018-06-14','2018-06-13 18:03:18.459362','MGF8406160130C4008\r\n4/27/2017, ORLANDO, ATFL7122\r\nBilled and Shipped To: \r\nFox Restaurant Equipment',1,'Anna','Scheduled Time: 2018-06-14 00:00:00-05:00\r\nName: Mike Ritchie Refrigeration\r\nPhone (941) 926-1739\r\nEmail mike_ritchie@verizon.net\r\nNote 4714 Woodward Place, Sarasota, FL 34233\r\n\r\n10.5 mi. About 18 mins\r\n\r\nAPPROXIMATE ETA IS UNKNOWN. TECH TO CALL AND UPDATE.','SKS062018-D1-8',0,'Dispatch a tech to replace the temp controller. Explain to the customer that when cleaning they can not get water on the controller. This is the 2nd time this year to replace the controller.','2018-06-15 13:10:13.578270\r\nCalled customer to follow up on service request. left a VM message to return my call.','2018-06-17 18:53:37.918711','2018-06-14 12:05:00.358153\r\nTech scheduled service for today and is on site. Will have to return tomorrow to follow up and install parts on another unit for the same customer.','2018-06-17 18:53:37.918711','4714 Woodward Place',NULL,'Sarasota','FL',34233,NULL,1),(17,'IL Conte Ristorante & Pizzeria','alfredo','MPF820204216122800C40016','(856) 283-5522',NULL,'8209 Natures Way','Suite103','Lakewood Ranch','FL',34202,'LEAKING A LOT OF WATER. CUSTOMER IS OKAY EVEN IF THEY GET CHARGED IF ITS A MAINTENANCE ISSUE, Preferred Tech: Coast Line Heating and Cooling: 941-388-8060',1,'Filter Clean: Within 1 month\r\nDisplay Temperature: 39\r\nReal Temperature: NONE\r\nController: Digital\r\nSnowflake Icon: ON\r\nFan Icon: ON\r\nIce on Evap: NO\r\nCond Fan Running: YES\r\nEvap Fan Running: YES\r\nCompressor running: YES\r\nDoor issue: NONE','Mike Ritchie Refrigeration','(941) 926-1739','mike_ritchie@verizon.net','2018-06-15','2018-06-13 18:07:34.943953','MPF820204216122800C40016\r\n3/31/2017, ORLANDO, ATFL6865\r\nBilled and Shipped To:\r\nFox Restaurant Equipment\r\n\r\nLASKS0917-S9-126\r\nMike Ritchie Refrigeration \r\nPOWER SWITCH IS BROKEN AND UNIT DOES NOT TURN ON\r\nREPLACED AND INSTALLED NEW CONTROLLER AND POWER SWITCH\r\n$135.00',1,'Anna','Scheduled Time: 2018-06-14 00:00:00-05:00\r\nName: Mike Ritchie Refrigeration\r\nPhone (941) 926-1739\r\nEmail mike_ritchie@verizon.net\r\nNote 4714 Woodward Place, Sarasota, FL 34233\r\n\r\n\r\n\r\n\r\n\r\nAPPROXIMATE ETA IS UNKNOWN. TECH TO CALL AND UPDATE.\r\n\r\nScheduled Time: 2018-06-15 10:30:00-05:00\r\nName: Mike Ritchie Refrigeration\r\nPhone (941) 926-1739\r\nEmail mike_ritchie@verizon.net\r\nNote Re-sending necessary parts requested by tech','SKS062018-D1-6',0,'Have customer make sure there is no clog in the drain. If tech(since he will be there for the other 2 units) finds a clog customer needs to be charged for the service call. If not clog seal around the drain pan with silicon and replace the probe.','2018-06-15 13:09:10.953216\r\nCalled customer to follow up on service request. left a VM message to return my call.','2018-06-17 18:52:45.621759','2018-06-14 11:55:17.982680\r\nTech scheduled service for today. Requested temp controller and a power switch be overnighted. Tech will go out there again tomorrow when parts are received to install.','2018-06-17 18:52:45.621759','4714 Woodward Place',NULL,'Sarasota','FL',34233,NULL,1),(24,'SHABANG CATERING','jackson','MBF800107716112900C40009','(786) 273-2165',NULL,'3015 NW 79TH ST',NULL,'Miami','FL',33142,'not cooling',1,'Filter Clean: Within 1 month\r\nDisplay Temperature: 68\r\nReal Temperature: 68\r\nController: Digital\r\nSnowflake Icon: ON\r\nFan Icon: ON\r\nIce on Evap: NO\r\nCond Fan Running: YES\r\nEvap Fan Running: YES\r\nCompressor running: YES\r\nDoor issue: NONE','Miami Restaurant Repair','(305) 863-6200','mrralbert@aol.com','2018-06-14','2018-06-14 16:36:30.247346','3/22/2017, ORLANDO, ATFL6766\r\nBilled and Shipped To:\r\nS4L Restaurant Equipment',1,'Brandon','Scheduled Time: 2018-06-14 00:00:00-05:00\r\nName: Miami Restaurant Repair\r\nPhone: (305) 863-6200\r\nEmail: mrralbert@aol.com\r\nNote: 5.9 mi. About 19 mins\r\n\r\nWill schedule service for tomorrow but does not have a specific ETA.','SKS062018-D1-9',1,'Dispatch a tech to check if all parts running like customer said, if so, please check leaking and compressor.','2018-06-18 12:15:52.949293\nSPOKE WITH CUSTOMER. EVERYTHING IS WORKING AS IT SHOULD. HE IS PLEASED WITH THE SERVICE HE RECEIVED. ','2018-06-18 17:16:10.293055','','2018-06-18 17:16:10.293055','7150 NW Terrace',NULL,'Miami','FL',33166,NULL,1),(27,'JONHHY\'S PIZZA','DOUG','MSF830204216072100C40017','(770) 568-5856',NULL,'1050 RICHARD D SAILORS PKWY',NULL,'POWDER SPRINGS','GA',30127,'UNIT WAS SERVICED VIA SKS0518-D1-184 and now no longer keeping temperature.',1,'Filter Clean: Within 1 month\r\nDisplay Temperature: 64\r\nReal Temperature: NA\r\nController: Digital\r\nSnowflake Icon: ON\r\nFan Icon: ON\r\nIce on Evap: NO\r\nCond Fan Running: YES\r\nEvap Fan Running: YES\r\nCompressor running: YES\r\nDoor issue: NONE','Robert Hill ( Inhouse Tech)','(909) 541-1437','Tech1.GA@SmartKitchenService.com','2018-06-15','2018-06-14 19:40:01.772192','10/19/2016, ATLANTA< ATGA2914\r\nBilled and Shipped To: \r\nRestaurnat Solutions',1,'Jackie','Scheduled Time: 2018-06-15 00:00:00-05:00\r\nName: Robert Hill ( Inhouse Tech)\r\nPhone: (909) 541-1437\r\nEmail: Tech1.GA@SmartKitchenService.com\r\nNote: Scheduled ETA for sometime today. No specific time has been given.','SKS062018-D1-10',0,'Dispatch in house tech to check the unit for a leak near the evap coil','','2018-06-17 18:52:31.152997','','2018-06-17 18:52:31.152997','7575-A Ponce De Leon Circle',NULL,'Doraville','GA',30340,'11AM-9PM',1),(35,'Cactus','Ruben','MBF8006150207C4015','(239) 370-6498',NULL,'30 Hancock Bridge Pkwy',NULL,'Cape Coral','FL',33991,'Unit is not cooling properly is at 85 deg',1,'Filter Clean: Within 1 month\r\nDisplay Temperature: 80\r\nReal Temperature: NONE\r\nController: Digital\r\nSnowflake Icon: ON\r\nFan Icon: ON\r\nIce on Evap: YES\r\nCond Fan Running: YES\r\nEvap Fan Running: YES\r\nCompressor running: YES\r\nDoor issue: NONE','Commercial Appliance Repair','(239) 275-9939','dispatchercar@jc.comcastbiz.net','2018-06-18','2018-06-15 16:54:51.105714','4/28/2016, ORLANDO, ATFL4565\r\nBilled and Shipped To: \r\nAmeChef',1,'Jackie','Scheduled Time: 2018-06-18 00:00:00-05:00\r\nName: Commercial Appliance Repair\r\nPhone: (239) 275-9939\r\nEmail: dispatchercar@jc.comcastbiz.net\r\nNote: Approximate ETA for Monday 6/18/2018.  No specific time was given \r\n12.7 mi. About 22 mins','SKS062018-D1-15',0,'Dispatch a tech to  check the compressor is running.(bring3 in 1 capacitor to check the compressor) If the compressor is running  Check the unit for a Freon leak.','2018-06-15 12:58:53.234001\r\nCustomer was notified of ETA for Monday 6/18/2018. No specific time was available.','2018-06-17 18:52:24.793617','','2018-06-17 18:52:24.793617','10880 Metro Parkway #A',NULL,'Ft. Myers','FL',33966,'11AM-9PM',1),(36,'THE SURLY MERMAID (FOOD TRUCK)','MR. THOMAS','ATO-2B24GAUS200317021500c40010','(813) 335-6885',NULL,'1311 Oak Pond St',NULL,'Ruskin','FL',33570,'THE PILOT FOR THE OVEN DOES NOT LITE AT ALLSince it is a food truck customer is willing to  take the whole truck to the  service guy\'s/ technicians location --',1,'The pilot can be lighted on: NO\r\nThe pilot can stay on: NO\r\nThe burner can be turned on: UNKNOWN','SSI Services','(800) 263-2206','INEEDHELP@SSISERVICES.COM','2018-06-18','2018-06-15 17:42:33.826861','5/23/2017, ATLANTA, ATGA4422\r\nBilled and Shipped To; \r\nFlorida Restaurant Equipment',1,'Anna','Scheduled Time: 2018-06-18 00:00:00-05:00\r\nName: Whaley Foodservice - Tampa\r\nPhone: (888) 337-8889\r\nEmail: SERVICE-ORLANDO@WHALEYFOODSERVICE.COM\r\nNote: APPROXIMATE ETA SCHEDULED FOR 06/18/2018 -6/19/2018  WHEN PARTS ARE RECEIVED. \r\n\r\n21.0 mi. About 24 mins\r\n\r\nScheduled Time: 2018-06-18 00:00:00-05:00\r\nName: SSI Services\r\nPhone: (800) 263-2206\r\nEmail: INEEDHELP@SSISERVICES.COM\r\nNote: Joey will schedule service once parts are received. No Specific ETA at this time. \r\n\r\n19.9 mi. About 24 mins','SKS062018-D1-11',0,'Dispatch a tech to replace the safety valve(301030039 ) and the Thermocouple(301030040).','2018-06-15 15:30:29.393025\r\nCustomer is aware parts will need to be sent to fix the unit. ETA for service  will be scheduled when parts are received.  Mon or Tues 06/18-06/19/2018','2018-06-17 18:52:15.543611','','2018-06-17 18:52:15.543611','333 N. Falkenburg Rd. Unit B-223',NULL,'Tampa','FL',33619,'food truck- call for appointment',1),(37,'Sports Grill South Miami','Spike','MSF830204217011300C40007','(305) 582-9141',NULL,'1559 Sunset Dr,',NULL,'Miami','FL',33143,'Temperature is reading 38 not the actual temp',1,'Filter Clean: Within 1 month\r\nDisplay Temperature: 38\r\nReal Temperature: 50\r\nController: Digital\r\nSnowflake Icon: ON\r\nFan Icon: ON\r\nIce on Evap: NO\r\nCond Fan Running: YES\r\nEvap Fan Running: YES\r\nCompressor running: YES\r\nDoor issue: NONE','Amanda','(000) 000-0000','Dispatcher1@smartkitchenservice.com','2018-06-18','2018-06-15 17:59:16.577710','11/2/2017, ORLANDO, ATFL8660\r\nBilled and Shipped To; \r\nMiami Restaurant Repair',1,'Christina','Scheduled Time: 2018-06-18 00:00:00-05:00\nName: Amanda\nPhone: (000) 000-0000\nEmail: Dispatcher1@smartkitchenservice.com\nNote: Issue was resolved over the phone. Had to enter tech info to mark as finished.\n','SKS062018-D1-12',1,'Parameters were reset over the phone on Friday. Per the customer the unit is not working correctly','2018-06-18 10:40:20.441942\nCUSTOMER STATES UNIT IS WORKING AS IT SHOULD\n2018-06-18 10:40:26.285704\nCUSTOMER STATES UNIT IS WORKING AS IT SHOULD','2018-06-18 16:38:27.413614','2018-06-18 10:40:24.379444\nPARAMETERS WERE SET AND UNIT WAS FIXED \n2018-06-18 10:40:25.504455\nPARAMETERS WERE SET AND UNIT WAS FIXED \n2018-06-18 10:40:27.863827\nPARAMETERS WERE SET AND UNIT WAS FIXED ','2018-06-18 16:38:27.413614','Atosa','','Arlington','TX',76011,'11am-12am',1),(38,'Bare Roots','Olivia','MGF8452AUS100317031500C40001','(407) 506-6905','Olivia@barerootspharmacy.com','105 12h st',NULL,'Columbus','GA',31901,'tracks on both of the drawers are broken',1,'Filter Clean: Within 1 month\r\nDisplay Temperature: 0\r\nReal Temperature: 0\r\nController: Digital\r\nSnowflake Icon: ON\r\nFan Icon: ON\r\nIce on Evap: YES\r\nCond Fan Running: YES\r\nEvap Fan Running: YES\r\nCompressor running: YES\r\nDoor issue: NONE','Columbus Store Equipment','(706) 323-5691','columbusstoreequ@bellsouth.net','2018-06-20','2018-06-15 20:29:51.955431','MGF8452AUS100317031500C40001\r\n5/10/2017, ATLANTA, ATGA4311\r\nBilled and Shipped To:\r\nMobile Fixture and Equipment Company',1,'Brandon','Scheduled Time: 2018-06-20 00:00:00-05:00\nName: Columbus Store Equipment\nPhone: (706) 323-5691\nEmail: columbusstoreequ@bellsouth.net\nNote: 0.6 mi. About 4 mins \r\n\r\nTech will notify customer to install parts once they arrive.\n','SKS062018-D1-13',0,'Dispatch a tech to replace broken slides only, Send 1 right, 1 left, and 2 rollers  Ask them to tighten up call the rollers and slide, use lock tight on all screw.','2018-06-18 10:30:08.597677\nLEFT A VM MESSAGE TO NOTIFY CUST PARTS HAVE BEEN ORDERED AND TECH WILL SCHEDULE SERVICE ONCE THEY ARE RECEIVED. ','2018-06-18 15:30:08.738288','2018-06-18 08:58:58.186558\nTECH WILL NOTIFY CUST OF INSTALLATION TIME ONCE PARTS ARE RECEIVED. ','2018-06-18 15:30:08.738288','1101 6th Avenue','','Columbus','GA',31901,'11am-10pm',1),(39,'Diginos Italian Restaurant','Stephen pegues','MBF800307917020600C40001','(407) 595-4482',NULL,'1271 Semoran Blvd Ste 151',NULL,'Casselberry','FL',32707,'PER CHARLIE:\r\n\r\n Part request:\r\nController W0302162 x1.\r\nShip to customer and deliver on Saturday.',1,'',NULL,NULL,NULL,'2018-06-16','2018-06-15 20:38:06.080907','11/10/2017, ORLANDO, ATFL8730\r\nBilled To; Restaurant Furnishing and Supplies\r\nDealer picked up the unit',1,'Anna','Scheduled Time: 2018-06-16 00:00:00-05:00\r\nName: Sisk Restaurant Repair Services\r\nPhone: (407) 616-3542\r\nEmail: Siskrepair@gmail.com\r\nNote: Ship to customer and deliver on Saturday.\r\n\r\nController shows P3 P4.--- need new controller','SKS062018-D1-16',0,'PER CHARLIE:\r\n\r\n Part request:\r\nController W0302162 x1.\r\nShip to customer and deliver on Saturday.','','2018-06-17 18:55:41.700034','','2018-06-17 18:55:41.700034',NULL,NULL,NULL,NULL,NULL,'10:30 am- 11PM',1),(41,'DENNY\'S','MELISSA','MSF83020421610500C40011','(386) 756-2335',NULL,'1641 DUNLAWTON AVENUE',NULL,'PORT ORANGE','FL',32127,'The Pin for the Right door at the bottom has stripped and fallen off Unit Cooling Properly',1,'Filter Clean: Within 1 month\r\nDisplay Temperature: 32\r\nReal Temperature: 32\r\nController: Digital\r\nSnowflake Icon: ON\r\nFan Icon: ON\r\nIce on Evap: YES\r\nCond Fan Running: YES\r\nEvap Fan Running: YES\r\nCompressor running: YES\r\nDoor issue: RIGHT','Don Crabb Services, Inc.','(386) 672-7331','juliecrabb@me.com','2019-06-19','2018-06-18 13:39:07.076244','MSF830204216110500C40011 \r\n1/25/2017, ORLANDO, ATFL6324\r\nBilled To: Trendco Supply\r\nShipped To: Denny\'s',1,'Randi','Scheduled Time: 2019-06-19 00:00:00-05:00\nName: Don Crabb Services, Inc.\nPhone: (386) 672-7331\nEmail: juliecrabb@me.com\nNote: SANDWICH PREP TABLE\r\nW0604028 BOTTOM \r\nRIGHT HINGE FOR MSF8302\n','SKS062018-D1-20',0,'Dispatch tech to replace the bottom right hinge.','','2018-06-18 17:52:42.485380','2018-06-18 12:52:42.329144\nAPPROXIMATE ETA IS 24 HRS AFTER PART HAS BEEN RECEIVED. ','2018-06-18 17:52:42.485380','30 Queen Anne CtBeach FL','','Ormond Beach','FL',32174,'24/7',1),(42,'HURRICANE GRILL & WINGS','KRISTI','MSF8303AUS100317021500C40026','(904) 219-1450',NULL,'2017 SEAWAY DRIVE',NULL,'FORT PIERCE','FL',34949,'Unit Completely shut down, tested outlet, Unit appears DEAD.',1,'','Complete Restaurant Equipment','(772) 569-5097','np@completerestaurant.com','2018-06-19','2018-06-18 13:43:53.607737','MSF8303AUS100317021500C40026\r\n12/20/2017, ORLANDO, ATFL9017\r\nBilled To: One Fat Frog\r\nDealer picked up the unit',1,'Randi','Scheduled Time: 2018-06-19 00:00:00-05:00\nName: Complete Restaurant Equipment\nPhone: (772) 569-5097\nEmail: np@completerestaurant.com\nNote: SANDWICH PREP TABLE \r\n17.6 mi. About 32 mins\r\n\r\nSENDING PARTS \r\nTECH APPROXIMATE ETA FOR SERVICE IS ONCE PARTS ARRIVE ROUGHLY TUESDAY END OF DAY 6/19/2018. NO SPECIFIC TIME HAS BEEN ASSIGNED.\n','SKS062018-D1-18',0,'Dispatch a tech to check the unit for burnt wires. Send a control board a 3 green clips','2018-06-18 10:35:07.066682\nSPOKE WITH CUST TO INFORM PARTS HAVE BEEN SENT AND TECH WILL NOTIFY OF ETA ONCE THEY ARE RECEIVED. ','2018-06-18 15:35:07.222933','','2018-06-18 15:35:07.222933','3929 US HWY 1','','VERO BEACH','FL',32960,'11:00 AM - 10:00 PM',1),(43,'RISE UP PIZZA','MATTHEW','MPF8202150831C4022','(617) 299-9567',NULL,'962 DELAWARE AVENUE',NULL,'LEXINGTON','KY',40505,'UNIT IS NOT COOLING PROPERLY',1,'Filter Clean: Within 1 month\r\nDisplay Temperature: 50\r\nReal Temperature: 50+\r\nController: Digital\r\nSnowflake Icon: ON\r\nFan Icon: ON\r\nIce on Evap: YES\r\nCond Fan Running: YES\r\nEvap Fan Running: YES\r\nCompressor running: YES\r\nDoor issue: NONE','DICKERSON REFRIGERATION HEATING AND AC','(859) 254-1436','kfuller722@yahoo.com','2018-06-20','2018-06-18 13:54:46.358280','MPF8202150831C4022\r\n1/27/2017, BOSTON, ATMA2172\r\nBilled and Shipped To: \r\nSouth Shore Rest. Equipment\r\n\r\nLASKS0417-S4-120\r\nDRD Repair\r\nAdded AC LEak Freeze to Unit\r\n$531.39',3,'Randi','Scheduled Time: 2018-06-20 08:00:00-05:00\nName: DICKERSON REFRIGERATION HEATING AND AC\nPhone: (859) 254-1436\nEmail: kfuller722@yahoo.com\nNote: 67 Pizza Prep Table\n','SKS062018-D3-1',0,'Dispatch tech(bring3 in 1 capacitor to check the compressor) to test the low side pressure. Figure out if it is a restriction, Freon leak or bad compressor. If a Leak please take a picture or video of the leaking point.','','2018-06-18 17:18:34.785171','','2018-06-18 17:18:34.785171','1931 Liberty Rd','','LEXINGTON','KY',40505,'24/7',1),(44,'Bay Pines Sport Bar & Grill','Chris','MBF850307716051600C40023','(727) 418-1088','yotimus1@gmail.com','9685 Bay Pines Blvd',NULL,'St. Petersburg,','FL',33708,'Evap fans are not running',1,'Filter Clean: Within 1 month\r\nDisplay Temperature: 42\r\nReal Temperature: 42\r\nController: Digital\r\nSnowflake Icon: ON\r\nFan Icon: ON\r\nIce on Evap: NO\r\nCond Fan Running: YES\r\nEvap Fan Running: NO\r\nCompressor running: YES\r\nDoor issue: NONE','Jakris Sales & Service Inc','(727) 381-4800','jakris@tampabay.rr.com','2018-06-19','2018-06-18 14:02:01.186721','MBF850307716051600C40023\r\n8/12/2016, ORLANDO, ATFL5227\r\nBilled and Shipped To:\r\nRestaurant Equipment Store\r\n\r\nLASKS0417-S7-75\r\nJakris Sales and Service \r\nReplaced Left Door Switch\r\n$223\r\nLASKS1017-C-35\r\nJakris Sales and Service\r\nReplaced and Installed New Controller\r\n$223',1,'Anna','Scheduled Time: 2018-06-19 00:00:00-05:00\nName: Jakris Sales & Service Inc\nPhone: (727) 381-4800\nEmail: jakris@tampabay.rr.com\nNote: UPRIGHT FREEZER\r\n10.3 mi. About 22 mins\r\n\r\nSENDING PARTS \r\nTECH WILL NOTIFY CUST WHEN PARTS ARE RECEIVED AND ETA FOR SERVICE.\n','SKS062018-D1-17',0,'Dispatch Jakris  to replace the door switches','','2018-06-18 15:17:37.768866','','2018-06-18 15:17:37.768866','4819 110th Terrace N','','Clearwater','FL',33762,'11am-2am',1),(45,'The Coop','Angelo','MGF845004216091900C40012','(508) 450-5549',NULL,'110 Elm St',NULL,'Millbury','MA',1527,'Rollers are coming apart from the draw.',1,'Filter Clean: Within 1 month\r\nDisplay Temperature: 38\r\nReal Temperature: NONE\r\nController: Digital\r\nSnowflake Icon: ON\r\nFan Icon: ON\r\nIce on Evap: NO\r\nCond Fan Running: YES\r\nEvap Fan Running: YES\r\nCompressor running: YES\r\nDoor issue: NONE','IN HOUSE TECH','(201) 355-8257','njdispatch@smartkitchenservice.com','2018-06-20','2018-06-18 14:06:25.265063','MGF845004216091900C40012\r\n2/21/2017, BOSTON, ATMA2275\r\nBilled To: Westerman\'s Store and Equipmnet\r\nDealer picked up the unit',5,'Jackie','Scheduled Time: 2018-06-20 03:00:00-05:00\nName: IN HOUSE TECH\nPhone: (201) 355-8257\nEmail: njdispatch@smartkitchenservice.com\nNote: DISPATCH IN HOUSE TECH CUSTOMER NOTIFIED\n','SKS062018-D5-1',0,'Dispatch a tech to replace the broken rollers and tighten ALL rollers. Please Use LocTite on all of the screws and rollers.  (send 4 rollers','','2018-06-18 15:58:05.458462','','2018-06-18 15:58:05.458462','203 FLANDERS RD','','WESTBOROUGH','MA',1581,'tues-sund 10am-10pm',1),(46,'C & W','MIKE GREGSTON','MBF800507716102600C40023','(513) 703-2996',NULL,'2110 E GALBRAITH RD',NULL,'CINCINATTI','OH',45237,'UNIT IS NOT HOLDING TEMPERATURE. HAS BEEN FIXED 5/01/18 AND STILL THE SAME ISSUE.',1,'Filter Clean: Within 1 month\r\nDisplay Temperature: 51\r\nReal Temperature: 51\r\nController: Digital\r\nSnowflake Icon: ON\r\nFan Icon: ON\r\nIce on Evap: NO\r\nCond Fan Running: YES\r\nEvap Fan Running: YES\r\nCompressor running: YES\r\nDoor issue: NONE','Crusader Services - Ron Ayers','(513) 375-2450','crusaderservices@earthlink.net','2018-06-18','2018-06-18 14:11:30.468442','MBF800507716102600C40023 \r\n5/19/2017, OHIO, ATOH703\r\nBilled and Shipped To: \r\nCincinnati Restaurant Equipment',3,'Christina','Scheduled Time: 2001-06-18 08:15:00-05:00\nName: Crusader Services - Ron Ayers\nPhone: (513) 375-2450\nEmail: crusaderservices@earthlink.net\nNote: Maybe today 6/18/18 but for sure tomorrow 6/19/18\n\nScheduled Time: 2018-06-18 08:15:00-05:00\nName: Crusader Services - Ron Ayers\nPhone: (513) 375-2450\nEmail: crusaderservices@earthlink.net\nNote: Maybe today 6/18/18 but for sure tomorrow 6/19/18\n','SKS062018-D3-2',0,'Dispatch a tech to check the unit for a Freon leak','','2018-06-18 15:38:45.394987','','2018-06-18 15:38:45.394987','9883 CRUSADER DR','','CINCINNATI','OH',45251,'6AM-2:30PM',1),(47,'METROPOLITAN DELI','GENESIS','MCF870307716091000C40002','(206) 453-4533','','2312 3RD AVE','101','SEATTLE','WA',981201,'UNIT HAS COMPLETELY SHUT OFF AND WILL NOT TURN ON. ALL PLUGS AND OTHER UNITS ARE WORKING CORRECTLY.',1,NULL,'Northwest Restaurant Services','(206) 362-4114','jobs@nwrestaurantservices.com','2018-06-19','2018-06-18 14:32:00.957835','MCF870307716091000C40002\r\n11/11/2016, SEATTLE, ATWA5105\r\nBilled To: A1 Restaurant Supply\r\nDealer picked up the unit \r\n\r\nLASKS0217-NW136\r\nErickson Refrigeration \r\nREPALCED DRAIN HOSE HEATER\r\n$924.75\r\nSKS1117-D1-35\r\nCMA Commecial Refrigeration \r\nREPLACED TEMP CONTROLLER, REMOVE THE PIGTAIL FOR THE CONDENSING UNIT AND REWIRE THE UNIT\r\n$187.17',4,'Christina','Scheduled Time: 2018-06-19 00:00:00-05:00\nName: Northwest Restaurant Services\nPhone: (206) 362-4114\nEmail: jobs@nwrestaurantservices.com\nNote: Notify consumer of schedule time proximate after 2pm\n\nScheduled Time: 2018-06-19 00:00:00-05:00\nName: Northwest Restaurant Services\nPhone: (206) 362-4114\nEmail: jobs@nwrestaurantservices.com\nNote: Notify consumer of schedule time proximate after 2pm\n\nScheduled Time: 2018-06-19 00:00:00-05:00\nName: Northwest Restaurant Services\nPhone: (206) 362-4114\nEmail: jobs@nwrestaurantservices.com\nNote: Notify consumer of schedule time proximate after 2pm\n','SKS062018-D4-1',0,'Dispatch a  tech to check the unit for burnt wires. Cut out burnt sections and reattach.','2018-06-18 11:40:20.913706\n6/18 11.42 AM GENESIS (CUSTOMER) WAS NOTIFY OF SCHEDULE TIME AND TECH INFO','2018-06-18 16:40:21.069964',NULL,'2018-06-18 16:40:21.069964','14910 Aurora Ave N','','SHORELINE','WA',98133,'7AM-8PM',1),(48,'Apple Spice','Russel Brown','msf830804216060600c40004','(512) 818-7382','','8900 Shoal Creek Blvd','SUIT 101','AUSTIN','TX',78757,'fluctuating in temp from 20 degree -99 degree When its 99 its not that hot inside the unit but at 14 degree it is Freezing up ----- MORE CONTACT NUMBERS PROVIDED:  512-818-7382 (CELL) OR 512-580-1550',1,'Filter Clean: Within 1 month\nDisplay Temperature: 46\nReal Temperature: 26\nController: Digital\nSnowflake Icon: ON\nFan Icon: ON\nIce on Evap: NO\nCond Fan Running: YES\nEvap Fan Running: YES\nCompressor running: YES\nDoor issue: NONE\n','Kitchen Equipment Solutions (KES)','(972) 550-1234','service@kestx.com','2018-06-20','2018-06-18 14:40:34.270769','11/21/2017, DENVER, ATCO2532-I\r\nBilled and Shipped To: \r\nFood Service Supply',2,'Anna','Scheduled Time: 2018-06-20 00:00:00-05:00\nName: Kitchen Equipment Solutions (KES)\nPhone: (972) 550-1234\nEmail: service@kestx.com\nNote: TECH WILL GO OUT ONCE PART ARRIVES\n','SKS062018-D2-2',0,'Dispatch a to replace the white probe and check the parameters',NULL,'2018-06-18 16:29:18.788156',NULL,'2018-06-18 16:29:18.788156','8760A Research Blvd, Box 299,','','Austin','TX',78753,'8 AM- 2PM',1),(49,'Cullman Regional Airport','Ben Harrison Or chad','MSF8301151203C4029','(256) 531-6666','','231 Co Rd 1360','','Vinemont','AL',35179,'UNIT IS NOT COOLING AT ALL- EVEN THOUGH THE UNIT IS OUT OF WARRANTY BY FEW DAYS, KYLE REQUESTED A SERVICE REPORT',0,'Filter Clean: Within 1 month\nDisplay Temperature: 78\nReal Temperature: UNKNOWN\nController: Digital\nSnowflake Icon: ON\nFan Icon: ON\nIce on Evap: NO\nCond Fan Running: YES\nEvap Fan Running: YES\nCompressor running: YES\nDoor issue: NONE\n',NULL,NULL,NULL,NULL,'2018-06-18 14:44:15.083450','MSF8301151203C4029\r\nOUT OF WARRANTY\r\n3/14/2016, ORLANDO, ATFL4180\r\nBilled and Shipped To:\r\nDykes Restaurant Supply',3,'Anna',NULL,'SKS062018-D3-3',0,NULL,NULL,'2018-06-18 14:51:27.523195',NULL,'2018-06-18 14:51:27.523195',NULL,NULL,NULL,NULL,NULL,'',0),(50,'MedXM','Yesi','MBF800507716061100C40001','(405) 423-2206','','7725 W Reno Ave STE 385','','Oklahoma City','OK',73127,'Leaking water inside and out',1,'Filter Clean: Within 1 month\nDisplay Temperature: 34\nReal Temperature: 34\nController: Digital\nSnowflake Icon: ON\nFan Icon: ON\nIce on Evap: NO\nCond Fan Running: YES\nEvap Fan Running: YES\nCompressor running: YES\nDoor issue: NONE\n','Hagar Parts & Service','(405) 235-2184','okcservice@hagarrs.com','2018-06-20','2018-06-18 14:45:32.630388','MBF800507716061100C40001\r\n8/2/2017, DALLAS, ATTX7245\r\nBilled To: Johnson-Lancaster and Associates\r\nShipped To; MedXM',2,'Brandon','Scheduled Time: 2018-06-20 00:00:00-05:00\nName: Hagar Parts & Service\nPhone: (405) 235-2184\nEmail: okcservice@hagarrs.com\nNote: 00\n\nScheduled Time: 2018-06-20 00:00:00-05:00\nName: Hagar Parts & Service\nPhone: (405) 235-2184\nEmail: okcservice@hagarrs.com\nNote: 00\n\nScheduled Time: 2018-06-20 00:00:00-05:00\nName: Hagar Parts & Service\nPhone: (405) 235-2184\nEmail: okcservice@hagarrs.com\nNote: 00\n','SKS062018-D2-1',0,'Check with the customer that they have cleaned the drain hose. Explain that if clogged they will be responsible for the service call. If there is no clog and leaking is inside the unit,  have the tech replace the probe(following service Bulletin) and seal around the edge of the drain pan with silicone. If the unit is leaking outside ask the tech to install wicking paper in the condensation pan.',NULL,'2018-06-18 16:04:48.599365',NULL,'2018-06-18 16:04:48.599365','6200 NW 2nd Street,','','Oklahoma City','OK',73127,'8am-5pm',1),(51,'BEDNERS FARM FRESH MARKET','LANE','MBF8503150822C4014','(561) 718-1136','','10066 LEE RD','','BOINTON BEACH','FL',33473,'UNIT IS NOT COOLING.',0,'Filter Clean: Within 1 month\nDisplay Temperature: 55\nReal Temperature: NA\nController: Digital\nSnowflake Icon: ON\nFan Icon: ON\nIce on Evap: NO\nCond Fan Running: YES\nEvap Fan Running: YES\nCompressor running: YES\nDoor issue: NONE\n',NULL,NULL,NULL,NULL,'2018-06-18 14:46:58.567961','MBF8503150822C4014\r\n11/2/2015, ORLANDO, ATFL3344\r\nBilled To: 5 Star Restaurant Equipment\r\nShipped To: Bender\'s Fresh Market',1,'Christina',NULL,'SKS062018-D1-19',0,NULL,NULL,'2018-06-18 14:48:54.536751',NULL,'2018-06-18 14:48:54.536751',NULL,NULL,NULL,NULL,NULL,'9AM-6PM',0),(52,'BD\'S MONGOLIAN GRILL','HEMAL PATEL','MCF8705GRAUS100317070300C40007','(859) 361-6268','','2309 SIR BARTON WAY','','LEXINGTON','KY',40509,'UNIT IS SHOWING A P2 ERROR. NOT KEEPING TEMPERATURE.',1,NULL,NULL,NULL,NULL,NULL,'2018-06-18 14:54:33.818437','MCF8705GRAUS100317070300C40007\r\n9/20/2017, OHIO, ATOH1397\r\nBilled and Shipped To; \r\nC Worth',3,'Christina',NULL,'SKS062018-D3-4',0,'I called customer and reset the parameters. Called to check back at 4:22 and unit is working well now. No need to send a tech',NULL,'2018-06-18 21:20:17.469352',NULL,'2018-06-18 21:20:17.469352',NULL,NULL,NULL,NULL,NULL,'11AM-11PM',1),(53,'The beached Whale','Chas','MSF8303GRAUS100318031700C40016','(239) 304-6045','chas@docforgs.com','1249 Estero Blvd','','Fort Myers Beach','FL',33931,'business num: 239-463-5505.. UNIT IS  NOT COOLING .. NEW UNIT, DELIVERED 4 DAYS AGO',1,'Filter Clean: Within 1 month\nDisplay Temperature: 65\nReal Temperature: NONE\nController: Digital\nSnowflake Icon: ON\nFan Icon: ON\nIce on Evap: NO\nCond Fan Running: YES\nEvap Fan Running: YES\nCompressor running: YES\nDoor issue: NONE\n','Commercial Appliance Repair','(239) 275-9939','dispatchercar@jc.comcastbiz.net','2018-06-20','2018-06-18 14:57:33.674107','6/12/2018, ORLANDO, 3017279\r\nBilled To: 5 Star Restaurant Equipment\r\nShipped To: The Beached Wale',1,'Anna','Scheduled Time: 2018-06-20 00:00:00-05:00\nName: Commercial Appliance Repair\nPhone: (239) 275-9939\nEmail: dispatchercar@jc.comcastbiz.net\nNote: SANDWICH PREP TABLE\r\n\r\n13.6 mi. About 28 mins\r\n\r\nEARLIEST APPROXIMATE ETA FOR FIRST THING WEDNESDAY A.M\n','SKS062018-D1-23',0,'Dispatch a tech to check the unit for a Freon leak near a welding point. If found please take a picture or video.',NULL,'2018-06-18 16:03:43.489995','2018-06-18 11:03:43.349382\nEARLIEST APPROXIMATE ETA FOR FIRST THING WEDNESDAY A.M','2018-06-18 16:03:43.489995','10880 Metro Parkway #A','','Ft Myers','FL',33966,'8 AM- 10 Pm',1),(54,'Juice Lab','Brandon','MCF870707716082500C40006','(940) 783-8370','','508 S Elm St,','Ste 104','Denton','TX',76201,'Door fell off and it cut the wires so lights are not turning on.',1,'Filter Clean: Within 1 month\nDisplay Temperature: 38\nReal Temperature: none\nController: Digital\nSnowflake Icon: OFF\nFan Icon: ON\nIce on Evap: NO\nCond Fan Running: YES\nEvap Fan Running: YES\nCompressor running: YES\nDoor issue: LEFT\n','IN HOUSE TECH FRANCISCO','(800) 683-8660','francisco.e@smartkitchenservice.com','2018-06-19','2018-06-18 14:58:08.908514','MCF870707716082500C40006\r\n11/07/2016, DALLAS, ATTX4931\r\nBilled and Shipped To: \r\nMission Restaurant Supply',2,'Jackie','Scheduled Time: 2018-06-19 00:00:00-05:00\nName: IN HOUSE TECH FRANCISCO\nPhone: (800) 683-8660\nEmail: francisco.e@smartkitchenservice.com\nNote: Sent to Amanda for dispatch\n\nScheduled Time: 2018-06-19 00:00:00-05:00\nName: IN HOUSE TECH FRANCISCO\nPhone: (800) 683-8660\nEmail: francisco.e@smartkitchenservice.com\nNote: Sent to Amanda for dispatch\n\nScheduled Time: 2018-06-19 00:00:00-05:00\nName: IN HOUSE TECH FRANCISCO\nPhone: (800) 683-8660\nEmail: francisco.e@smartkitchenservice.com\nNote: Sent to Amanda for dispatch\n','SKS062018-D2-3',0,'Dispatch in house tech to replace the hinge and reconnect the lights',NULL,'2018-06-18 15:28:44.878858',NULL,'2018-06-18 15:28:44.878858','000000000000','0000','00000','TX',0,'7am-7pm',1),(55,'DIXIE BELLES CAFE','DIANA','MCF870707716091200C40007','(407) 812-7012','','7125 S ORANGE AVE','','ORLANDO','FL',32809,'UNIT IS NOT KEEPING TEMPERATURE. CUSTOMER PREFERS SERVCO WHO USUALLY SERVICES THEIR UNITS. (407) 855-6370 servcoappliance@gmail.com',1,'Filter Clean: Within 1 month\nDisplay Temperature: 60\nReal Temperature: NA\nController: Digital\nSnowflake Icon: ON\nFan Icon: ON\nIce on Evap: NO\nCond Fan Running: YES\nEvap Fan Running: YES\nCompressor running: YES\nDoor issue: NONE\n','Michael\'s Refrigeration','(407) 832-9856','michael@mrac.biz','2018-06-20','2018-06-18 15:01:38.174314','11/17/2016, ORLANDO, ATFL5909\r\nBilled and Shipped To:\r\nServCo Appliance Sales and Service\r\n\r\nLASKS0617-S9-49\r\nServco Appliance Sales and Service\r\nReplaced Door Switch\r\n$122.50',1,'Christina','Scheduled Time: 2018-06-20 00:00:00-05:00\nName: Michael\'s Refrigeration\nPhone: (407) 832-9856\nEmail: michael@mrac.biz\nNote: DBL GLASS DOOR FREEZER \r\n9.7 mi. About 21 mins\r\n\r\nAPPROXIMATE ETA FOR END OF DAY TUES OR WEDNESDAY MORNING. 6/19-6/20/2018. NO SPECIFIC TIME FRAME HAS BEEN GIVEN.\n','SKS062018-D1-21',0,'Dispatch a tech to check the unit for a freon leak.',NULL,'2018-06-18 16:35:54.382237',NULL,'2018-06-18 16:35:54.382237','3956 W. Town Center Blvd. #5151','','Orlando','FL',32837,'6AM-2PM',1),(56,'Yogurt Ur Way','Art Metrano','MBF850307716070600C40001','(310) 922-0252','','806 E Las Olas Blvd,','','Fort Lauderdale','FL',33301,'Freezer is not freezing properly/ wife\'s # 954-699-9700',1,NULL,'Maltese & Co','(954) 982-2119','Nick@malteseandco.com','2018-06-20','2018-06-18 15:04:44.799524','8/25/2016, ORLANDO, ATFL5326\r\nBilled To: Hollywood Restaurant Equipment\r\nShipped To: SE Freight Pompano Dock',1,'Jackie','Scheduled Time: 2018-06-20 00:00:00-05:00\nName: Maltese & Co\nPhone: (954) 982-2119\nEmail: Nick@malteseandco.com\nNote: UPRIGHT FREEZER\r\n2.7 mi. About 11 mins\r\n\r\nEARLIEST AVAILABILITY FOR SERVICE-  END OF DAY TOMORROW OR FIRST THING WEDNESDAY MORNING.\n','SKS062018-D1-22',0,'Dispatch tech(bring3 in 1 capacitor to check the compressor) to test the low side pressure. Figure out if it is a restriction, Freon leak or bad compressor. If a Leak please take a picture or video of the leaking point.','2018-06-18 15:11:49.609322\nCALLED CUST AND LEFT A VM MESSAGE TO NOTIFY OF APPROXIMATE DATE FOR SERVICE. ','2018-06-18 20:11:49.749946',NULL,'2018-06-18 20:11:49.749946','950 NW 11th Ave','','Fort Lauderdale','FL',33311,'10am-11pm',1),(57,'TEDS CONY ISLAND WEST','JOHNNY','MSF8303AUS100317030300C40018','(515) 778-6945',NULL,'2667 86TH ST',NULL,'URBANDALE','IA',50322,'UNIT IS RUNNING WARM.',1,'Filter Clean: Within 1 month\r\nDisplay Temperature: 58\r\nReal Temperature: NA\r\nController: Digital\r\nSnowflake Icon: ON\r\nFan Icon: ON\r\nIce on Evap: NO\r\nCond Fan Running: YES\r\nEvap Fan Running: YES\r\nCompressor running: YES\r\nDoor issue: NONE','Mid Iowa Refrigeration Inc. / Goodwin Tucker Group','(515) 262-9308','SERVICE@GOODWINTUCKER.COM','2018-06-19','2018-06-18 15:11:07.737344','CORRECT SERIAL NUMBER\r\nMSF8303AUS100317030300C40018\r\n\r\n7/17/2017, CHICAGO, ATIL6462\r\nBilled To: Wilson Restaurant Supply\r\nShipped To: Law Equipment',4,'Christina','Scheduled Time: 2018-06-19 00:00:00-05:00\nName: Mid Iowa Refrigeration Inc. / Goodwin Tucker Group\nPhone: (515) 262-9308\nEmail: SERVICE@GOODWINTUCKER.COM\nNote: Date Info was sent to Tech:	06/18/18\r\nTime Called:	12.05 PM \r\nScheduled Service Date:	06/19/18 approximately evening \r\nCustomer was notify.\n','SKS062018-D4-6',0,'Dispatch a tech to check the unit for a leak near the evap coil','2018-06-18 12:07:37.339221\nCustomer Johnny was contact and notify of schedule time and tech information.','2018-06-18 17:07:37.495460','','2018-06-18 17:07:37.495460','2900 Delaware Avenue','','Des Moines','IA',50317,'10:30AM-8:30PM',1),(58,'The Goddard School','John Brunett','MGF8405AUS100317032400C40011','(847) 201-1880','roundlakeil@goddardschools.com','1155 S Amarias Dr,',NULL,'Round Lake','IL',60073,'Everything inside is freezing. the controller on the outside reads 99 F but everything is frozen.  PREFERRED TECHNICIAN: AMES REFRIGERATION, PH: 847-336-4119 !',1,'Filter clean: 1month ago\r\ntemp :99 HA\r\ninside temp: 22\r\ncond fan motor: running\r\nCompressor : running\r\nIce on the Evap : No\r\nEvap fan Motor : running',NULL,NULL,NULL,NULL,'2018-06-18 15:11:43.878004','6/8/2017, CHICAGO, ATIL6091\r\nBilled To: Rah Equipment\r\nDealer picked up the unit',3,'Anna','','SKS062018-D3-5',0,'Dispatch a tech to replace both probes and check all parameters','','2018-06-18 15:59:41.192912','','2018-06-18 15:59:41.192912',NULL,NULL,NULL,NULL,NULL,'6 am- 6 pm',1),(59,'MI SABOR RESTAURANT','VICTORINO RODRIGUEZ','MBF8503AUS100317042400C40004','(860) 205-9736','','75 PARK ST','','HARTFORD','CT',6106,'UNIT IS NOT KEEPING TEMPERATURE. Additional number (860) 374-3854',1,'Filter Clean: Within 1 month\nDisplay Temperature: 33\nReal Temperature: na\nController: Digital\nSnowflake Icon: ON\nFan Icon: ON\nIce on Evap: NO\nCond Fan Running: NO\nEvap Fan Running: YES\nCompressor running: NO\nDoor issue: NONE\n','IN HOUSE TECH','(201) 355-8257','njdispatch@smartkitchenservice.com','2018-06-20','2018-06-18 15:18:24.847037','7/21/2017, BOSTON, ATMA3180\r\nBilled and Shipped To: \r\nRestaurant Equipment Paradise\r\n\r\nReplacement information:\r\nOriginal serial: MBF8503AUS100317031000C40011\r\nOriginal Invoice: ATMA3010\r\nOriginal Invoice Date: 6/22/2017',5,'Christina','Scheduled Time: 2018-06-20 03:00:00-05:00\nName: IN HOUSE TECH\nPhone: (201) 355-8257\nEmail: njdispatch@smartkitchenservice.com\nNote: DISPATCH IN HOUSE TECH//CUSTOMER NOTIFIED\n','SKS062018-D5-9',0,'Dispatch a tech to check for a burnt wire, If no burnt wire check the low side pressure.\r\n(bring3 in 1 capacitor to check the compressor)',NULL,'2018-06-18 21:27:53.376219',NULL,'2018-06-18 21:27:53.376219','203 FLANDERS RD','','WESTBOROUGH','MA',1581,'8AM-9PM',1),(60,'OSF Liquidators','Luis Muza','ATMG-36AUS100317110500C40130','(562) 755-1271','','17533 Verna Drive','','Rowland Heights','CA',91748,'Oil Drain Flute came apart and fell down to drip pan.\r\n\r\nPre-Diagnosis Notes from Charlie: \r\nDispatch In-House Tech to Install New Funnel and Request Installation Video from Kyle.',1,'The pilot can be lighted on: YES\nThe pilot can stay on: YES\nThe burner can be turned on: YES','Eddie Delgado (In house Tech)','(909) 541-2591','tech1.ca@smartkitchenservice.com','2018-06-20','2018-06-18 15:19:32.894024','3/26/2018, HQ, 3008597\r\nBilled To: JC Food Service\r\nDealer picked up the unit',6,'Randi','Scheduled Time: 2018-06-20 12:00:00-05:00\nName: Eddie Delgado (In house Tech)\nPhone: (909) 541-2591\nEmail: tech1.ca@smartkitchenservice.com\nNote: Scheduled Time: Is to be determined\n','SKS062018-D6-1',0,'DISPATCH IN-HOUSE TECH TO INSTALL NEW FUNNEL AND REQUEST INSTALLATION VIDEO FROM KYLE',NULL,'2018-06-18 16:23:38.928471',NULL,'2018-06-18 16:23:38.928471','1225 W. Imperial Hwy.','','Brea','CA',92821,'',1),(64,'bambuza','Daniel','MBF850507716102000C40041','(206) 669-6347','daniel@bambuza.com','100 nw 10th ave','','portland','OR',97209,'NOT COOLING. THE DOOR IS HARD TO OPEN',1,'Filter Clean: Within 1 month\nDisplay Temperature: 50\nReal Temperature: 50\nController: Digital\nSnowflake Icon: ON\nFan Icon: ON\nIce on Evap: NO\nCond Fan Running: YES\nEvap Fan Running: YES\nCompressor running: YES\nDoor issue: ALL\n','Smitty\'S Vending Inc.','(503) 233-6000','info@smittysvending.com','2018-06-19','2018-06-18 15:29:22.222639','11/30/2016, SEATTLE, ATWA5250\r\nBilled and Shipped To: \r\nPitman',4,'Brandon','Scheduled Time: 2018-06-19 00:00:00-05:00\nName: Smitty\'S Vending Inc.\nPhone: (503) 233-6000\nEmail: info@smittysvending.com\nNote: Date Info was sent to Tech:	06/18/18\r\nTime Called:	11.25 pm \r\nScheduled Service Date:	06/19/18 approximately evening \r\nCustomer was notify.\n','SKS062018-D4-4',0,'Dispatch a tech to shorten the drain hose making it shorter and straight. Also check that the fans are running. If all parts are moving, check unit for a Freon leak','2018-06-18 11:31:13.757001\n6/18 11.31 AM CUSTOMER WAS NOTIFY OF SCHEDULE TIME AND TECH INFO. I CALL AND ALSO TEXT BECAUSE HE WAS DRIVING.','2018-06-18 16:31:13.913250',NULL,'2018-06-18 16:31:13.913250','706 SE Main St., Portland OR','706 SE MAIN ST','PORTLAND','OR',97214,'10AM-9PM',1),(65,'OMI SUSHI BAR','GUNG DENG','MCF8707AUS100317082900C40039','(225) 772-5255','','7951 One Calais Ave','','Baton Rouge,','LA',70809,'Unit is not cooling properly is at 67 deg.',1,'Filter Clean: Within 1 month\nDisplay Temperature: 67\nReal Temperature: 67\nController: Digital\nSnowflake Icon: ON\nFan Icon: ON\nIce on Evap: NO\nCond Fan Running: YES\nEvap Fan Running: YES\nCompressor running: YES\nDoor issue: NONE\n','Ducote\'s Restaurant & Bar Equipment','(225) 344-4240','gena@ducotes.brcoxmail.com','2018-06-18','2018-06-18 15:34:32.504149','11/1/2017, HOUSTON, ATHS4582\r\nBilled and Shipped To: \r\nDuctoes',2,'Jackie','Scheduled Time: 2018-06-18 00:00:00-05:00\nName: Ducote\'s Restaurant & Bar Equipment\nPhone: (225) 344-4240\nEmail: gena@ducotes.brcoxmail.com\nNote: TECH SAID THEY WILL BE OUT THIS AFTERNOON\n','SKS062018-D2-4',0,'Dispatch a tech to check the unit for a Freon leak',NULL,'2018-06-18 16:44:07.373484',NULL,'2018-06-18 16:44:07.373484','4433 Florida Blvd.,','','Baton Rouge','LA',70806,'11AM-10PM TUES- SUN',1),(66,'Vibe Organic Kitchen & Juice','TAYLOR','MSF830804217010600C40028','(949) 573-8141','','1000 Bristol St N','','Newport Beach','CA',92660,'MAKING A LOUD NOISE IN THE MORNING, THE UNIT IS LEAKING WATER FROM THE BACK AND NOT COOLING TOO',1,'Filter Clean: Within 1 month\nDisplay Temperature: 69\nReal Temperature: UNKNOWN\nController: Digital\nSnowflake Icon: ON\nFan Icon: ON\nIce on Evap: NO\nCond Fan Running: NO\nEvap Fan Running: YES\nCompressor running: YES\nDoor issue: NONE\n','EDDIE DELGADO (IN HOUSE TECH.)','(909) 541-2591','tech1.ca@smartkitchenservice.com','2018-06-22','2018-06-18 15:39:06.816882','3/6/2017, HQ, AT7213\r\nBilled To: Mike\'s Restaurant Supply\r\nShipped To: Vibe Organic Kitchen',6,'Anna','Scheduled Time: 2018-06-22 12:00:00-05:00\nName: EDDIE DELGADO (IN HOUSE TECH.)\nPhone: (909) 541-2591\nEmail: tech1.ca@smartkitchenservice.com\nNote: Distance (Mileage) from Customer:22.9 mi. About 27 mins\r\nScheduled Service Date/ Time:  TO BE DETERMINED\n','SKS062018-D6-2',0,'Dispatch tech to replace the condenser fan motor and test the unit onsite.',NULL,'2018-06-18 17:39:04.546665',NULL,'2018-06-18 17:39:04.546665','1225 W. Imperial Hwy.','','Brea','CA',92821,'7 AM- 7 PM',1),(68,'821 Cafe','Chip','MSF8308AUS100317022300C40010','(804) 402-0593','','825 W Cary St','','Richmond','VA',23220,'Unit is not cooling properly',1,'Filter Clean: Within 1 month\nDisplay Temperature: 32\nReal Temperature: 45\nController: Digital\nSnowflake Icon: ON\nFan Icon: ON\nIce on Evap: NO\nCond Fan Running: YES\nEvap Fan Running: YES\nCompressor running: YES\nDoor issue: NONE\n',NULL,NULL,NULL,NULL,'2018-06-18 15:45:16.676562','5/3/2017, NJ, ATNJ6723\r\nBilled and Shipped To:\r\nGusti Restaurant Equipment',5,'Jackie',NULL,'SKS062018-D5-2',0,NULL,NULL,'2018-06-18 15:52:26.614426',NULL,'2018-06-18 15:52:26.614426',NULL,NULL,NULL,NULL,NULL,'8am-10pm',0),(69,'Captain Al\'s Restaurant','Son','MCF870707716102000C40011','(713) 480-6363','','8529 C E King Pkwy Ste A1','','Houston','TX',77044,'LEFT DOOR FELL OFF',1,'Filter Clean: Within 1 month\nDisplay Temperature: 35\nReal Temperature: 35\nController: Digital\nSnowflake Icon: ON\nFan Icon: ON\nIce on Evap: NO\nCond Fan Running: YES\nEvap Fan Running: YES\nCompressor running: YES\nDoor issue: LEFT\n','Cool Results Refrigeration','(713) 344-4957','service@cool-results.com','2018-03-20','2018-06-18 15:58:08.755333','8/16/2017, HOUSTON, ATHS4056\r\nBilled and Shipped To: \r\nEverstrong DBA JKS Houston Restaurant Equipment',2,'Brandon','Scheduled Time: 2018-03-20 00:00:00-05:00\nName: Cool Results Refrigeration\nPhone: (713) 344-4957\nEmail: service@cool-results.com\nNote: WILL BE OUT ONCE HINGES ARE RECEIVED\n','SKS062018-D2-5',0,'Dispatch tech to replace the top and bottom hinges for the left door',NULL,'2018-06-18 16:48:21.344822',NULL,'2018-06-18 16:48:21.344822','1419 Corral Drive','','Houston','TX',77090,'9am-10pm',1),(70,'EL JEFE JAX LLC','SCOTT','MPF8202GRAUS100317121900C40009','(404) 784-5213','','947 EDGEWOOD AVENUE SOUTH','','JACKSONVILLE','FL',32205,'P1 ERROR... DID HAVE TECHNICIAN COME OUT AND SPOKE WITH IN HOUSE TECH WHO STATED THAT WE NEED TO SEND OUT NEW CONTROLLER, AND POWER SWITCH.',1,'Filter Clean: Within 1 month\nDisplay Temperature: 37 AND P1\nReal Temperature: 35\nController: Digital\nSnowflake Icon: ON\nFan Icon: ON\nIce on Evap: YES\nCond Fan Running: YES\nEvap Fan Running: YES\nCompressor running: YES\nDoor issue: NONE\n','Cline Commercial Services, Inc.','(904) 356-7986','clinecommercial@gmail.com','2018-06-20','2018-06-18 16:02:14.771165','3/28/2018, ATLANTA, 3007835\r\nBilled and Shipped To: \r\nA-1 Restaurant Supply',1,'Randi','Scheduled Time: 2018-06-20 00:00:00-05:00\nName: Cline Commercial Services, Inc.\nPhone: (904) 356-7986\nEmail: clinecommercial@gmail.com\nNote: PREP TABLE \r\n4.4 mi. About 9 mins\r\nSENDING PARTS\r\nTECH WILL SCHEDULE SERVICE ONCE PARTS ARE RECEIVED. APPROX ETA 6/19-6/20/2018\n','SKS062018-D1-24',0,'Dispatch tech to replace the the controller','2018-06-18 14:15:37.181488\nSPOKE WITH CUSTOMER WHO IS AWARE A TECHNICIAN WILL GO OUT TO SERVICE THE UNIT ONCE THE PART HAS BEEN RECEIVED.  APPROX 6/19-6/20','2018-06-18 19:15:37.337728',NULL,'2018-06-18 19:15:37.337728','923 West Forsyth Street','','Jacksonville','FL',32204,'11:00 AM - 11:00 PM',1),(71,'THE AVOCADO IN LAS COLINAS','MALIAN','MBF8503150131C4024','(214) 772-6438','HOMESKILLET1409@GMAIL.COM','220 E Las Colinas Blvd,','','Irving','TX',75039,'TEMPERATURE IS VERY HIGH',NULL,'Filter Clean: Within 1 month\nDisplay Temperature: 33\nReal Temperature: UNKNOWN\nController: Digital\nSnowflake Icon: ON\nFan Icon: ON\nIce on Evap: NO\nCond Fan Running: YES\nEvap Fan Running: YES\nCompressor running: YES\nDoor issue: NONE\n',NULL,NULL,NULL,NULL,'2018-06-18 16:08:27.396482',NULL,0,'Anna',NULL,NULL,0,NULL,NULL,'2018-06-18 16:10:27.959056',NULL,'2018-06-18 16:10:27.959056',NULL,NULL,NULL,NULL,NULL,'3 PM- 12 AM',0),(72,'TROLLEY PIZZA TROLLEY SQUARE','SYLVIO','MGF845104217011300C40003','(302) 290-9035','','12A TROLLEY SQUARE','12A TROLLEY SQUARE','Wilmington','DE',19806,'UNIT IS SHOWING E1 AND E2 ERROR. THREE MONTHS OLD.',1,'Filter Clean: Within 1 month\nDisplay Temperature: 73\nReal Temperature: NA\nController: Digital\nSnowflake Icon: FLASHING\nFan Icon: ON\nIce on Evap: NO\nCond Fan Running: NO\nEvap Fan Running: NO\nCompressor running: NO\nDoor issue: NONE\n','NONE','(000) 000-0000','NONE@GMAIL.COM','2018-03-18','2018-06-18 16:12:21.693553','1/29/2018, NJ, 3002049\r\nBilled and Shipped To: \r\nEquipment Clearing House',5,'Christina','Scheduled Time: 2018-03-18 02:31:00-05:00\nName: NONE\nPhone: (000) 000-0000\nEmail: NONE@GMAIL.COM\nNote: DISREGARD PER KYLE AND CRISTINA SHE WILL RE SEND WITH CORRECT INFO\n','SKS062018-D5-5',1,'Dispatch a tech to replace the controller and test the unit onsite','2018-06-18 15:17:09.475130\nNONE// DISREGARD INCORRECT INFO','2018-06-18 20:17:12.537623','2018-06-18 15:17:12.381377\nNONE// DISREGARD INCORRECT INFO','2018-06-18 20:17:12.537623','NONE','','NONE','DE',0,'10AM-10PM',1),(73,'Burbon Street Daiquiri','Julian','ATFS-40AUS100317111700C40066','(281) 910-3437','','12970 Westheimer Rd 100','','Houston','TX',77077,'PILOT WILL BE LIT, WHEN TURNED TO 375-400 FLAME WILL COME ON, AFTER AWHILE IT WILL TURN OFF. ONCE IT COOLS OFF, WILL NOT COME ON AGAIN. THERMOSTAT ISSUE POSSIBLE. ONE OF TWO UNITS DOING THE EXACT SAME THING.',1,'The pilot can be lighted on: YES\nThe pilot can stay on: YES\nThe burner can be turned on: YES','Kitchen Equipment Solutions (KES)','(972) 550-1234','service@kestx.com','2018-06-20','2018-06-18 16:17:32.443814','2/23/2018, HOUSTON, 3004092\r\nBilled To: B&C Restaurant Supply\r\nDealer picked up the unit',2,'Christina','Scheduled Time: 2018-06-20 00:00:00-05:00\nName: Kitchen Equipment Solutions (KES)\nPhone: (972) 550-1234\nEmail: service@kestx.com\nNote: TECH WILL GO WHEN PARTS ARRIVE\n','SKS062018-D2-7',0,'Dispatch tech to check both unit, send thermostat and high limit for both units',NULL,'2018-06-18 18:17:10.489940',NULL,'2018-06-18 18:17:10.489940','5830 West 34th Street, BOX 252','','Houston','TX',77092,'12pm-9pm',1),(74,'Burbon Street Daiquiri','Julian','ATFS-40AUS100317111700C40064','(281) 910-3437','','12970 Westheimer Rd 100','100','Houston','TX',77077,'PILOT WILL BE LIT, WHEN TURNED TO 375-400 FLAME WILL COME ON, AFTER AWHILE IT WILL TURN OFF. ONCE IT COOLS OFF, WILL NOT COME ON AGAIN. THERMOSTAT ISSUE POSSIBLE. ONE OF TWO UNITS DOING THE EXACT SAME THING.',1,'The pilot can be lighted on: YES\nThe pilot can stay on: YES\nThe burner can be turned on: YES','Kitchen Equipment Solutions (KES)','(972) 550-1234','service@kestx.com','2018-06-20','2018-06-18 16:18:35.600115','2/23/2018, HOUSTON, 3004080\r\nBilled To: B&C Restaurant Supply\r\nDealer picked up the unit',2,'Christina','Scheduled Time: 2018-06-20 00:00:00-05:00\nName: Kitchen Equipment Solutions (KES)\nPhone: (972) 550-1234\nEmail: service@kestx.com\nNote: TECH WILL BE THERE WHEN PARTS ARRIVE\n\nScheduled Time: 2018-06-20 00:00:00-05:00\nName: Kitchen Equipment Solutions (KES)\nPhone: (972) 550-1234\nEmail: service@kestx.com\nNote: TECH WILL BE THERE WHEN PARTS ARRIVE\n','SKS062018-D2-6',0,'Dispatch tech to check both unit, send thermostat and high limit for both units',NULL,'2018-06-18 18:15:56.583625',NULL,'2018-06-18 18:15:56.583625','5830 West 34th Street, Box 252','','Houston','TX',77092,'12PM-9PM',1),(75,'Phil\'s Pizzeria & Restaurant','George','MSF8305aus5100317032200c40008','(516) 799-5244','','820 hicksville rd','','north massapequa','NY',11758,'HANDLE ON THE LID FELL OFF -',1,'Filter Clean: Within 1 month\nDisplay Temperature: 33\nReal Temperature: UNKNOWN\nController: Digital\nSnowflake Icon: ON\nFan Icon: ON\nIce on Evap: NO\nCond Fan Running: YES\nEvap Fan Running: YES\nCompressor running: YES\nDoor issue: NONE\n','IN HOUSE TECH','(201) 355-8257','njdispatch@smartkitchenservice.com','2018-06-20','2018-06-18 16:26:30.022389','CORRECT SERIAL NUMBER:\r\nMSF8305aus100317032200c40008\r\n\r\n1/12/2018, NJ, 3000246\r\nBilled and Shipped To: \r\nKitchen Kings New and Used Rest. Equipment',5,'Anna','Scheduled Time: 2018-06-20 03:00:00-05:00\nName: IN HOUSE TECH\nPhone: (201) 355-8257\nEmail: njdispatch@smartkitchenservice.com\nNote: DISPATCH IN HOUSE TECH\n','SKS062018-D5-4',0,'Dispatch tech to replace the lid handle','2018-06-18 14:30:51.608747\nNONE//DISREGARD INCORRECT INFO ','2018-06-18 20:35:03.134377','2018-06-18 14:31:27.699765\nNONE// DISREGARD INCORRECT INFO ','2018-06-18 20:35:03.134377','12 GARDNER RD','','FAIRFIELD','NJ',7004,'aa AM- 10 Pm',1),(76,'Nicks BBQ','Nick','MBF850307716051800C40008','(708) 444-7427','','16638 S Oak Park','','Tinley','IL',60477,'UNIT IS NOT COOLING',1,'Filter Clean: Within 1 month\nDisplay Temperature: 51\nReal Temperature: UNKNOWN\nController: Digital\nSnowflake Icon: ON\nFan Icon: ON\nIce on Evap: NO\nCond Fan Running: YES\nEvap Fan Running: YES\nCompressor running: YES\nDoor issue: NONE\n',NULL,NULL,NULL,NULL,'2018-06-18 16:35:03.116566','9/21/2016, CHICAGO, ATIL3772\r\nBilled and Shipped To: \r\nRamar Supply\r\n\r\nLASKS0917-S4-209\r\nCarlos Patino\r\nREPAIRED LEAK ON EVAP COIL AND RETURNED TO REPLACED COMPRESSOR\r\n$0.00',3,'Anna',NULL,'SKS062018-D3-9',0,'Dispatch a tech to check that the compressor is running(bring3 in 1 capacitor to check the compressor). If the compressor is running, then figure out if it is a restriction, Freon leak or bad compressor. If a Leak please take a picture or video of the leaking point.',NULL,'2018-06-18 18:21:39.052658',NULL,'2018-06-18 18:21:39.052658',NULL,NULL,NULL,NULL,NULL,'10 am- 10 pm',1),(77,'JIT\'S TAKE OUT','Legit SMITH','ATFS-4008116071500C40769','(234) 817-6177','','2547 16TH STREET','','CANTON','AL',44705,'THE FRYER WILL NOT STAY NIT',1,'The pilot can be lighted on: YES\nThe pilot can stay on: NO\nThe burner can be turned on: YES',NULL,NULL,NULL,NULL,'2018-06-18 16:35:46.991599','8/21/2017, OHIO, ATOH1203\r\nBilled and Shipped To: \r\nA1 Restaurant Equipment',3,'Randi',NULL,'SKS062018-D3-6',0,'Dispatch a tech to replace the thermocouple and test the unit on site',NULL,'2018-06-18 17:40:11.560131',NULL,'2018-06-18 17:40:11.560131',NULL,NULL,NULL,NULL,NULL,'11:30 AM - 9:00 PM',1),(78,'Long John Silver','AZIZ','MBF800207716091200C40001','(214) 218-4714','','9800 I-20,','','Canton','TX',75103,'Unit is not turning on at all. Completely off',1,'Filter Clean: Within 1 month\nDisplay Temperature: NONE\nReal Temperature: NONE\nController: Digital\nSnowflake Icon: ON\nFan Icon: ON\nIce on Evap: NO\nCond Fan Running: NO\nEvap Fan Running: NO\nCompressor running: NO\nDoor issue: NONE\n','A Plus Commercial Kitchen','(903) 630-5342','ackoffice301@gmail.com','2018-06-20','2018-06-18 16:45:00.437910','10/13/2017, DALLAS, ATTX7884\r\nBilled and Shipped To: \r\nTyler Commercial Kitchens',2,'Jackie','Scheduled Time: 2018-06-20 00:00:00-05:00\nName: A Plus Commercial Kitchen\nPhone: (903) 630-5342\nEmail: ackoffice301@gmail.com\nNote: TECH WILL BE OUT WEDNESDAY\n','SKS062018-D2-8',0,'Dispatch tech to check the unit for burnt wires. cut out the burnt section and splice around',NULL,'2018-06-18 19:18:45.580320',NULL,'2018-06-18 19:18:45.580320','4839 Tidwell Drive','','Tyler','TX',75708,'8AM-8PM',1),(79,'Harpers','Adam','MGF8450GRAUS100317050500C40015','(732) 266-6478','','1316 Rt 31 N','','Annandale','NJ',8801,'Unit showing Temp between 50-80 degrees but freezing inside.',1,'Filter Clean: Within 1 month\nDisplay Temperature: 52\nReal Temperature: 22\nController: Digital\nSnowflake Icon: ON\nFan Icon: ON\nIce on Evap: NO\nCond Fan Running: YES\nEvap Fan Running: YES\nCompressor running: YES\nDoor issue: NONE\n','IN HOUSE TECH','(201) 355-8257','njdispatch@smartkitchenservice.coM','2018-06-20','2018-06-18 16:46:08.313579','3/21/2018, BOSTON, 3007116\r\nBilled and Shipped To: \r\nMap International',5,'Christina','Scheduled Time: 2018-06-20 03:00:00-05:00\nName: IN HOUSE TECH\nPhone: (201) 355-8257\nEmail: njdispatch@smartkitchenservice.coM\nNote: DISPATCH IN HOUSE TECH. L/M TO NOTIFY CUSTOMER\n','SKS062018-D5-8',0,'Dispatch a tech to replace the white probe',NULL,'2018-06-18 18:42:18.951650',NULL,'2018-06-18 18:42:18.951650','12 GARDNER RD','','FAIRFIELD','NJ',7004,'9AM-4PM',1),(80,'Fresh Smoothie and Cafe','Robinson','MBF8507AUS100317042100C4003','(347) 235-3256','Freshsmoothie2429@gmail.com','2450 Creston Ave','','Bronx','NY',10468,'Not Cooling',NULL,'Filter Clean: Within 1 month\nDisplay Temperature: 68\nReal Temperature: 68\nController: Digital\nSnowflake Icon: ON\nFan Icon: ON\nIce on Evap: NO\nCond Fan Running: YES\nEvap Fan Running: NO\nCompressor running: YES\nDoor issue: NONE\n',NULL,NULL,NULL,NULL,'2018-06-18 16:49:45.028128',NULL,0,'Brandon',NULL,NULL,0,NULL,NULL,'2018-06-18 16:50:16.070354',NULL,'2018-06-18 16:50:16.070354',NULL,NULL,NULL,NULL,NULL,'7am-11pm',0),(81,'KINDERCARE','CINDY','MBF8501GRAUS100317090800C40010','(419) 874-3777','','610 W South Boundary St','','Perrysburg','OH',43551,'UNIT IS RUNNING HOT. PLEASE EXPEDITE FOR TOMORROW AS CUSTOMER HAS SHIPMENT COMING IN.',1,'Filter Clean: Within 1 month\nDisplay Temperature: 52\nReal Temperature: NA\nController: Digital\nSnowflake Icon: ON\nFan Icon: ON\nIce on Evap: NO\nCond Fan Running: YES\nEvap Fan Running: YES\nCompressor running: YES\nDoor issue: NONE\n',NULL,NULL,NULL,NULL,'2018-06-18 17:01:49.529408','2/6/2018, OHIO, 3002491\r\nBilled and Shipped To: \r\nWinfield Equipment and Supply',3,'Christina',NULL,'SKS062018-D3-7',0,'Dispatch tech to check if the compress is running , If the compressor is running ;Figure out if it is a restriction, Freon leak or bad compressor. If a Leak please take a picture or video of the leaking point.  \r\nThis is an R290 unit\r\n(bring 3 in 1 capacitor to check the compressor)',NULL,'2018-06-18 17:32:58.137192',NULL,'2018-06-18 17:32:58.137192',NULL,NULL,NULL,NULL,NULL,'6:30AM-6PM',1),(82,'Mac\'s Local Eats','Chris','MGF840504216052500C40038','(314) 479-8155','','4859 Millen Ave East','','St. Louis,','MO',63116,'evap fan motors are not working.',1,NULL,NULL,NULL,NULL,NULL,'2018-06-18 17:05:55.082673','9/18/2017, CHICAGO, ATIL7126\r\nBilled and Shipped To: \r\nProfessional Kitchen Solutions',3,'Jackie',NULL,'SKS062018-D3-8',0,'Dispatch a tech to replace the power supply and test the unit on site',NULL,'2018-06-18 17:24:38.623032',NULL,'2018-06-18 17:24:38.623032',NULL,NULL,NULL,NULL,NULL,'call first',1),(83,'FRY GUYZ','LOUIS','MSF830604216102400C40003','(862) 452-0873','','1210 Hamburg Turnpike','','WAYNE','NJ',7470,'BUSSINESS NUM: 862-221-9381--- THE UNIT IS NOT COOLING AT ALL',0,'Filter Clean: Within 1 month\nDisplay Temperature: 65\nReal Temperature: UNKNOWN\nController: Digital\nSnowflake Icon: ON\nFan Icon: ON\nIce on Evap: NO\nCond Fan Running: NO\nEvap Fan Running: YES\nCompressor running: YES\nDoor issue: NONE\n',NULL,NULL,NULL,NULL,'2018-06-18 17:11:23.702992','OUT OF WARRANTY AS OF 4/28/2016\r\n1/17/2017, NJ, ATNJ5525\r\nBilled To: European Chef\r\nShipped To: Fri Guys\r\n\r\nReplacement information:\r\nOriginal Serial: MSF8306160130C4012\r\nOriginal Invoice: ATNJ2747\r\nOriginal Invoice Date: 4/28/2016',5,'Anna',NULL,'SKS062018-D5-6',0,NULL,NULL,'2018-06-18 17:16:16.355563',NULL,'2018-06-18 17:16:16.355563',NULL,NULL,NULL,NULL,NULL,'9:30 AM- 8 PM',0),(84,'PUNJAB BAZAAR','MR. PETERS','MCF8707AUS100317090600C40027','(916) 208-6073','','5764 Antelope Rd','SUIT B2','Sacramento','CA',95842,'THE WHOLE DOOR CAME OFF THE HINGES, ACCORDING TO THE TECHNICIAN: THERE SHOULD BE A PIN AT THE BOTTOM AND THAT CAME OFF.. IT IS THE LEFT DOOR.',1,'Filter Clean: Within 1 month\nDisplay Temperature: 35\nReal Temperature: UNKNOWN\nController: Digital\nSnowflake Icon: ON\nFan Icon: ON\nIce on Evap: NO\nCond Fan Running: YES\nEvap Fan Running: YES\nCompressor running: YES\nDoor issue: LEFT\n','FR Gardner HVAC','(916) 919-5566','bobgardner12@att.net','2018-06-20','2018-06-18 17:22:14.005272','11/7/2017, SF, ATSF7062\r\nBilled To: Yaffee Inc\r\nDealer picked up the unit',6,'Anna','Scheduled Time: 2018-06-20 12:00:00-05:00\nName: FR Gardner HVAC\nPhone: (916) 919-5566\nEmail: bobgardner12@att.net\nNote: Scheduled Service Date: TO BE DETERMINED-SENDING PARTS \r\n\r\nDistance (Mileage) from Customer: 4.7 mi. About 13 mins\n\nScheduled Time: 2018-06-20 12:00:00-05:00\nName: FR Gardner HVAC\nPhone: (916) 919-5566\nEmail: bobgardner12@att.net\nNote: Scheduled Service Date: TO BE DETERMINED-SENDING PARTS \r\n\r\nDistance (Mileage) from Customer: 4.7 mi. About 13 mins\n\nScheduled Time: 2018-06-20 12:00:00-05:00\nName: FR Gardner HVAC\nPhone: (916) 919-5566\nEmail: bobgardner12@att.net\nNote: Scheduled Service Date: TO BE DETERMINED-SENDING PARTS \r\n\r\nDistance (Mileage) from Customer: 4.7 mi. About 13 mins\n','SKS062018-D6-4',0,'Dispatch a tech to replace the bottom left hinge',NULL,'2018-06-18 20:40:40.325555',NULL,'2018-06-18 20:40:40.325555','4433 Bela Way','','Carmichael','CA',95608,'10 AM- 9 PM',1),(85,'PUNJAB BAZAAR','MR. PETERS','MCF870307716032800C40002','(916) 208-6073','','5764 Antelope Rd','Ste B2','Sacramento','CA',95842,'DRAIN PIPE WAS ALL ICED UP, BUT THE TEMPERATURE WAS RUNNING FINE. VERY VERY BIG CHUNK OF ICE ON THE PIPE.',1,'Filter Clean: Within 1 month\nDisplay Temperature: -5\nReal Temperature: UNKNOWN\nController: Digital\nSnowflake Icon: ON\nFan Icon: ON\nIce on Evap: NO\nCond Fan Running: YES\nEvap Fan Running: YES\nCompressor running: YES\nDoor issue: NONE\n','FR Gardner HVAC','(916) 919-5566','bobgardner12@att.net','2018-06-20','2018-06-18 17:26:52.548693','11/7/2017, SF, ATSF7062\r\nBilled To: Yaffee Inc\r\nDealer picked up the unit',6,'Anna','Scheduled Time: 2018-06-20 12:00:00-05:00\nName: FR Gardner HVAC\nPhone: (916) 919-5566\nEmail: bobgardner12@att.net\nNote: Distance (Mileage) from Customer: 4.7 mi. About 13 mins\r\n\r\nScheduled Service Date/Time: TO BE DETERMINED- TECH. WILL SCHEDULE SERVICE DATE AND TIME ONCE PARTS ARRIVE\n','SKS062018-D6-3',0,'Dispatch a tech to replace the drain hose heater, send long drain hose heater. Ask the customer to turn the unit off the night before and leave the doors open so the drain can thaw out',NULL,'2018-06-18 20:12:48.775583',NULL,'2018-06-18 20:12:48.775583','4433 Bela Way','','Carmichael','CA',95608,'10 AM- 9 PM',1),(86,'LA HERRADURA','MARCO BRUNO','MBF8005AUS100318031500C40010','(541) 551-1506','','208 BAY FRONT LOOP','','WINCHESTER BAY','OR',97467,'UNIT IS FREEZING ALL THE PRODUCT. CUSTOMER ATTEMPTED REPROGRAMMING, AND HAS NOT BEEN SUCCESSFUL.',1,'Filter Clean: Within 1 month\nDisplay Temperature: 48\nReal Temperature: NA\nController: Digital\nSnowflake Icon: ON\nFan Icon: ON\nIce on Evap: NO\nCond Fan Running: YES\nEvap Fan Running: YES\nCompressor running: YES\nDoor issue: NONE\n','Willamette Valley Refrigeration, LLC','(541) 543-4173','refrigerationhero@live.com','2018-06-20','2018-06-18 17:27:42.272588','5/9/2018, SF, 3013074\r\nBilled To: Pitman\r\nShipped To: La Herradura',4,'Christina','Scheduled Time: 2018-06-20 00:00:00-05:00\nName: Willamette Valley Refrigeration, LLC\nPhone: (541) 543-4173\nEmail: refrigerationhero@live.com\nNote: Phone: (541) 543-4173 X 1\r\nExtra travel fees approve by Kyle.4 other tech decline do to distance. Sending parts- white probe and temp controller. Schedule time after parts arrive.\n','SKS062018-D4-7',0,'Dispatch tech to replace the white probe and check the parameters onsite.','2018-06-18 16:40:32.751048\nCUSTOMER WAS NOTIFY OF TECH INFO ALONG WITH PART SHIPMENT ','2018-06-18 21:40:32.907291',NULL,'2018-06-18 21:40:32.907291','3626 Greenwood Street','','Eugene','OR',97404,'9:30AM-10PM',1),(87,'CAMP ROTARY','VIC','MBF8501GRAUS100317080900C40025','(978) 992-2259','','372 IPSWICH ROAD','','BOXFORD','MA',1921,'BRAND NEW UNIT THE FAN IS MAKING LOUD GRINDING NOISE AT BOTTOM OF UNIT',1,'Filter Clean: Within 1 month\nDisplay Temperature: NA\nReal Temperature: NA\nController: Digital\nSnowflake Icon: ON\nFan Icon: ON\nIce on Evap: YES\nCond Fan Running: YES\nEvap Fan Running: YES\nCompressor running: YES\nDoor issue: NONE\n','IN HOUSE TECH','(201) 355-8257','njdispatch@smartkitchenservice.com','2018-06-20','2018-06-18 17:41:37.510186','8/30/2017, BOSTON, ATMA3462\r\nBilled and Shipped To: \r\nAlternative Sales Corp',5,'Randi','Scheduled Time: 2018-06-20 03:00:00-05:00\nName: IN HOUSE TECH\nPhone: (201) 355-8257\nEmail: njdispatch@smartkitchenservice.com\nNote: DISPATCH IN HOUSE TECH. CUSTOMER NOTIFIED\n','SKS062018-D5-7',0,'Dispatch a tech to check if the fan blade is hitting on something. Adjust the fan blade as needed.',NULL,'2018-06-18 18:37:22.319019',NULL,'2018-06-18 18:37:22.319019','203 FLANDERS RD','','WESTBOROUGH','MA',1581,'7:00 am - 9:00 pm',1),(88,'Mac\'s Local Eats','Chris','MGF840504216052500C40038','(314) 479-8155','','4859 Millen Ave East','','St. Louis,','MO',63116,'evap fan motors are not working.',1,NULL,NULL,NULL,NULL,NULL,'2018-06-18 17:53:44.452156','9/18/2017, CHICAGO, ATIL7126\r\nBilled and Shipped To: \r\nProfessional Kitchen Solutions',3,'Jackie',NULL,'SKS062018-D3-10',0,NULL,NULL,'2018-06-18 17:57:53.663928',NULL,'2018-06-18 17:57:53.663928',NULL,NULL,NULL,NULL,NULL,'call first',0),(89,'Mac\'s Local Eats','Chris','MGF840504216052500C40038','(314) 479-8155','','4859 Millen Ave East','','St. Louis,','MO',63116,'evap fan motors are not working.',1,NULL,NULL,NULL,NULL,NULL,'2018-06-18 17:54:19.561558','9/18/2017, CHICAGO, ATIL7126\r\nBilled and Shipped To: \r\nProfessional Kitchen Solutions',3,'Jackie',NULL,'SKS062018-D3-11',0,'dispatch a tech to replace the power supply and test on site.',NULL,'2018-06-18 18:11:58.661553',NULL,'2018-06-18 18:11:58.661553',NULL,NULL,NULL,NULL,NULL,'call first',1),(90,'ONE ONO POKI','JOHN','MBF8503077100C40020','(714) 988-5077','','2259 EAST MAPLE AVENUE','','EL SEGUNDA','CA',90245,'THE FREEZER DOOR HAS COME APART ON THE INSIDE',1,NULL,'NO TECHNICIAN ASSIGNED -SENDING PART ONLY','(714) 988-5077','NOEMAIL@NOEMAIL.COM','2018-06-19','2018-06-18 17:59:06.492471','CORRECT SERIAL NUMBER:\r\nMBF850307716033100C40020\r\n\r\n5/12/2016, SF, ATSF2872\r\nBilled To: Aaron\'s Restaurant Equipment\r\nShipped To: Ono Poke\r\nLASKS0217-SW54\r\nOR Refrigeration \r\nCUSTOMER EDUCATION - NEEDS MAINTENANCE ON CONDENSING UNIT\r\n$195.00',6,'Randi','Scheduled Time: 2018-06-19 12:00:00-05:00\nName: NO TECHNICIAN ASSIGNED -SENDING PART ONLY\nPhone: (714) 988-5077\nEmail: NOEMAIL@NOEMAIL.COM\nNote: NO TECHNICIAN ASSIGNED -SENDING PART ONLY\n\nScheduled Time: 2018-06-19 12:00:00-05:00\nName: NO TECHNICIAN ASSIGNED -SENDING PART ONLY\nPhone: (714) 988-5077\nEmail: NOEMAIL@NOEMAIL.COM\nNote: NO TECHNICIAN ASSIGNED -SENDING PART ONLY\n','SKS062018-D6-6',0,'Send customer spray adhesive to reattach the inside panel of the door.',NULL,'2018-06-18 18:35:28.334608',NULL,'2018-06-18 18:35:28.334608','2259 EAST MAPLE AVENUE','NO TECHNICIAN ASSIGNED -SENDING PART ONLY','EL SEGUNDA','CA',90245,'',1),(91,'Jiffy Mart','Lorie','MSF830204216061700C40010','(918) 789-2606','','720 Walnut St,','','Chelsea','OK',74016,'Unit is freezing up evaporator coils.  Everything in side is frozen                \r\n\r\nRite-Temp Refrigeration (918)244-4116',1,'Filter Clean: Within 1 month\nDisplay Temperature: 50\nReal Temperature: NONE\nController: Digital\nSnowflake Icon: OFF\nFan Icon: OFF\nIce on Evap: YES\nCond Fan Running: YES\nEvap Fan Running: YES\nCompressor running: YES\nDoor issue: NONE\n','Rite-Temp Refrigeration, LLC','(918) 244-4116','ritemike301@gmail.com','2018-06-20','2018-06-18 18:04:47.366544','8/11/2016, DALLAS, ATTX4317\r\nBilled and Shipped To: \r\nArctic Restaurant Supply',2,'Jackie','Scheduled Time: 2018-06-20 00:00:00-05:00\nName: Rite-Temp Refrigeration, LLC\nPhone: (918) 244-4116\nEmail: ritemike301@gmail.com\nNote: TECH WILL BE OUT ONCE PROBE IS RECEIVED\n','SKS062018-D2-9',0,'Dispatch tech to replace the probe and test the unit on site',NULL,'2018-06-18 19:46:01.233703',NULL,'2018-06-18 19:46:01.233703','433119 E. 260th Rd,','','Vinita','OK',74301,'5am-12pm',1),(92,'CHURCHES CHICKEN','PATRICIA','MGF8405AUS100317022200C40013','(678) 558-8455','','3271 Camp Creek Pkwy','','East Point','GA',30344,'PREFERRED TECH: WAILEY FOOD SERVICE: 800-803-9900-  EVAPORATE FANS ARE NOT RUNNING, EVAPORATOR FANS ARE ICED UP.',1,'Filter Clean: Within 1 month\nDisplay Temperature: -5\nReal Temperature: UNKNOWN\nController: Digital\nSnowflake Icon: ON\nFan Icon: ON\nIce on Evap: NO\nCond Fan Running: YES\nEvap Fan Running: NO\nCompressor running: YES\nDoor issue: NONE\n','Robert Hill ( Inhouse Tech)','(909) 541-1437','Tech1.GA@SmartKitchenService.com','2018-06-19','2018-06-18 18:10:55.302121','4/24/2017, ATLANTA, ATGA4193\r\nBilled To: Mr. V\'s Restaurant Equipment\r\nShipped To: Church\'s Chicken',1,'Anna','Scheduled Time: 2018-06-19 00:00:00-05:00\nName: Robert Hill ( Inhouse Tech)\nPhone: (909) 541-1437\nEmail: Tech1.GA@SmartKitchenService.com\nNote: SENT TO AMANDA TO DISPATCH IN HOUSE TECH\n','SKS062018-D1-25',0,'Dispatch tech to replace the power supply.',NULL,'2018-06-18 21:33:50.417797','2018-06-18 16:31:12.672927\nSENT TO AMANDA TO DISPATCH IN HOUSE TECH','2018-06-18 21:33:50.417797','7575-A Ponce De Leon Circle','','Doraville','GA',30340,'9 AM- 10 PM',1),(93,'LE CREOE LA VIE','DQUINCEY ROBINSON','ATHP-12-2AUS100317081500C40005','(832) 699-9925','','23770 Springwoods Village Pkwy','','Spring','TX',77373,'PROPANE BURNER HAS A BLACK METAL PIECE THAT FIRE COMES FROM OUT OF THERE BUT IT\'S MISSING. CUSTOMER SEND ME A PICTURE',1,'The pilot can be lighted on: YES\nThe pilot can stay on: YES\nThe burner can be turned on: NO','NO TECH SENDING PART TO CUSTOMER','(000) 000-0000','0000@000.COM','2018-06-18','2018-06-18 18:16:47.911795','4/24/2018, HOUSTON, 3010930\r\nBilled and Shipped To: \r\nPowerLion-US DBA JKS houston Restaurant Equipment',2,'Jackie','Scheduled Time: 2018-06-18 00:00:00-05:00\nName: NO TECH SENDING PART TO CUSTOMER\nPhone: (000) 000-0000\nEmail: 0000@000.COM\nNote: SENDING PART TO CUSTOMER\n\nScheduled Time: 2018-06-18 00:00:00-05:00\nName: NO TECH SENDING PART TO CUSTOMER\nPhone: (000) 000-0000\nEmail: 0000@000.COM\nNote: SENDING PART TO CUSTOMER \r\nGOODFOODSOCIETY.TX@GMAIL.COM **SEND TRACKING NUMBER TO CUSTOMER**\n\nScheduled Time: 2018-06-18 00:00:00-05:00\nName: NO TECH SENDING PART TO CUSTOMER\nPhone: (000) 000-0000\nEmail: 0000@000.COM\nNote: SENDING PART TO CUSTOMER \r\nGOODFOODSOCIETY.TX@GMAIL.COM **SEND TRACKING NUMBER TO CUSTOMER**\n','SKS062018-D2-10',0,'Only send the burner to customer, No tech needed.\r\nCustomer will install the burner by themselves.',NULL,'2018-06-18 20:31:37.665095',NULL,'2018-06-18 20:31:37.665095','23770 SPRINGWOODS VILLAGE PKWY','','SPRING','TX',77373,'7AM-2PM',1),(94,'MI DAC KY','STEVEN','MSF8308AUS100317032100C40001','(714) 722-7241','','10141 Westminster Ave','','Garden Grove','CA',92843,'UNIT IS A FEW MONTHS OLD AND IS NOT COOLING.',1,'Filter Clean: Within 1 month\nDisplay Temperature: 68\nReal Temperature: NA\nController: Digital\nSnowflake Icon: ON\nFan Icon: ON\nIce on Evap: NO\nCond Fan Running: YES\nEvap Fan Running: YES\nCompressor running: NO\nDoor issue: NONE\n','EDDIE DELGADO (IN HOUSE TECH.)','(909) 541-2591','tech1.ca@smartkitchenservice.com','2018-06-20','2018-06-18 18:20:00.599456','8/1/2017, HQ, AT9657\r\nBilled To: Ta Fong Corp\r\nDealer picked up the unit',6,'Christina','Scheduled Time: 2018-06-20 12:00:00-05:00\nName: EDDIE DELGADO (IN HOUSE TECH.)\nPhone: (909) 541-2591\nEmail: tech1.ca@smartkitchenservice.com\nNote: Distance (Mileage) from Customer: 16.1 mi. About 24 mins\r\n\r\nScheduled Service Date/ Time:  To Be Determined By Technician\n','SKS062018-D6-7',0,'Dispatch a tech to check that the compressor is running(bring3 in 1 capacitor to check the compressor). If the compressor is running, then figure out if it is a restriction, Freon leak or bad compressor. If a Leak please take a picture or video of the leaking point.',NULL,'2018-06-18 19:35:36.281832',NULL,'2018-06-18 19:35:36.281832','1225 W. Imperial Hwy.','','Brea','CA',92821,'8AM-11PM',1),(95,'State Draft House','Andrew','ATFS-5008116031000140048','(214) 636-9376','','1050 Flower Mound Rd','Ste 280','Flower Mound,','TX',75028,'Fryer will reach temp and it will completely turn off',1,'The pilot can be lighted on: NO\nThe pilot can stay on: NO\nThe burner can be turned on: NO','FRANCISCO','(000) 000-0000','francisco.e@smartkitchenservice.com','2018-06-18','2018-06-18 18:21:27.365150','8/15/2017, DALLAS, ATTX7364\r\nBilled To: Champs\r\nDealer picked up the unit',2,'Jackie','Scheduled Time: 2018-06-18 00:00:00-05:00\nName: FRANCISCO\nPhone: (000) 000-0000\nEmail: francisco.e@smartkitchenservice.com\nNote: 00000\n','SKS062018-D2-11',0,'Dispatch a tech to replace the high limit switch',NULL,'2018-06-18 19:41:22.441711',NULL,'2018-06-18 19:41:22.441711','411 113TH ST','','0000000','TX',0,'10am-10pm',1),(96,'Beaches N Cream','Paul','MBF8501GRAUS100318032600c400074','(917) 699-9261','','189 Beach 116th St','','Rockaway Park','NY',11694,'condensor fan sounds like its hitting  something.',1,'Filter Clean: Within 1 month\nDisplay Temperature: 0\nReal Temperature: 0\nController: Digital\nSnowflake Icon: ON\nFan Icon: ON\nIce on Evap: NO\nCond Fan Running: YES\nEvap Fan Running: YES\nCompressor running: YES\nDoor issue: NONE\n','IN HOUSE TECH','(201) 355-8257','njdispatch@smartkitchenservice.com','2018-06-20','2018-06-18 18:30:11.553090','6/14/2018, NJ, 3017713\r\nBilled To: Johnson\'Lancaster \r\nShipped To; Beaches n Cream',5,'Brandon','Scheduled Time: 2018-06-20 03:00:00-05:00\nName: IN HOUSE TECH\nPhone: (201) 355-8257\nEmail: njdispatch@smartkitchenservice.com\nNote: DISPATCH IN HOUSE TECH //CUSTOMER NOTIFIED\n','SKS062018-D5-12',0,'Dispatch a tech to adjust the fan blades and make sure they are no longer hitting on anything',NULL,'2018-06-18 20:06:19.198928',NULL,'2018-06-18 20:06:19.198928','12 GARDNER RD','','FAIRFIELD','NJ',7004,'11am-10pm',1),(97,'Dinico\'s Pizza','TOFI','MPF820304216041400C40018','(708) 749-9900','','6627 Roosevelt Rd','','Berwyn','IL',60402,'THE COMPRESSOR IS NOT WORKING ACCORDING TO THE LOCAL TECH....',1,'Filter Clean: Within 1 month\nDisplay Temperature: PI\nReal Temperature: UNKNOWN\nController: Digital\nSnowflake Icon: OFF\nFan Icon: OFF\nIce on Evap: NO\nCond Fan Running: NO\nEvap Fan Running: NO\nCompressor running: NO\nDoor issue: NONE\n',NULL,NULL,NULL,NULL,'2018-06-18 18:31:27.568775','8/9/2016, CHICAGO, ATIL3354\r\nBilled and Shipped To: \r\nRamar Supply',3,'Anna',NULL,'SKS062018-D3-12',0,'Dispatch a tech to replace the controller',NULL,'2018-06-18 19:29:08.161957',NULL,'2018-06-18 19:29:08.161957',NULL,NULL,NULL,NULL,NULL,'24 HRS- CALL FOR APPOINTMENT',1),(98,'Cafe Verdi','SYLVIO','MGF845104217011300C40003','(302) 290-9035','','12A TROLLEY SQUARE','','WILMINGTON','DE',19806,'UNIT IS SHOWING E1 AND E2 ERROR. UNIT IS THREE MONTHS OLD.',1,'Filter Clean: Within 1 month\nDisplay Temperature: 73\nReal Temperature: NA\nController: Digital\nSnowflake Icon: ON\nFan Icon: ON\nIce on Evap: NO\nCond Fan Running: NO\nEvap Fan Running: NO\nCompressor running: NO\nDoor issue: NONE\n','FOOD EQUIPMENT SERVICE','(302) 996-9363','janet@foodequipmentservice.com','2018-06-20','2018-06-18 18:43:35.919995','1/29/2018, NJ, 3002049\r\nBilled and Shipped To: \r\nEquipment Clearing House',5,'Christina','Scheduled Time: 2018-06-20 02:00:00-05:00\nName: FOOD EQUIPMENT SERVICE\nPhone: (302) 996-9363\nEmail: janet@foodequipmentservice.com\nNote: 15 MIN/8.4 MILES CUSTOMER NOTIFIED\n','SKS062018-D5-10',0,'Dispatch a tech to replace the controller',NULL,'2018-06-18 19:41:14.004207',NULL,'2018-06-18 19:41:14.004207','3316 A OLD TRAIL','','WILMINGTON','DE',19808,'10AM-10PM',1),(99,'Montvale Event Center','Max','MBF8503AUS100317080900C40008','(509) 481-8513','MAXIMUSTIXKIUN@GMAIL.COM','1017 W 1st Ave','','Spokane','WA',99201,'The left door bottom hinge is broken.',1,'Filter Clean: Within 1 month\nDisplay Temperature: 0\nReal Temperature: 0\nController: Digital\nSnowflake Icon: ON\nFan Icon: ON\nIce on Evap: NO\nCond Fan Running: YES\nEvap Fan Running: YES\nCompressor running: YES\nDoor issue: LEFT\n','Tim\'s Comfort Plus','(509) 534-6558','timscomfortplus@yahoo.com','2018-06-20','2018-06-18 18:53:05.294344','1/12/2018, SEATTLE, 3000178\r\nBilled To: Food Services of America\r\nShipped To; Montvale Event Center',4,'Brandon','Scheduled Time: 2018-06-20 00:00:00-05:00\nName: Tim\'s Comfort Plus\nPhone: (509) 534-6558\nEmail: timscomfortplus@yahoo.com\nNote: Date Info was sent to Tech:	06/18/18\r\nTime Called:	5.01 pm \r\nScheduled Service Date:	After part arrives  assuming part are overnight \r\nCustomer was notify.\n\nScheduled Time: 2018-06-20 00:00:00-05:00\nName: Tim\'s Comfort Plus\nPhone: (509) 534-6558\nEmail: timscomfortplus@yahoo.com\nNote: Date Info was sent to Tech:	06/18/18\r\nTime Called:	5.01 pm \r\nScheduled Service Date:	After part arrives  assuming part are overnight \r\nCustomer was notify.\n','SKS062018-D4-8',0,'Dispatch a tech to replace the bottom left hinge','2018-06-18 17:03:26.937315\ncustomer was notify of tech info and part information ','2018-06-18 22:03:27.077944',NULL,'2018-06-18 22:03:27.077944','6507 E. Mallon Avenue,  WA','','Spokane Valley','WA',99212,'8am-5pm',1),(100,'SCV FISH MARKET','CHRISTIN','ATFS40AUS100317101100C40100','(818) 436-9031','','26234 BOUQUET CANYON RD','','SANTA CLARITA','CA',91350,'PILOT IS DIFFICULT TO LIGHT. PILOT WILL EVENTUALLY COME ON, IT JUST TAKES A LONG TIME TO DO SO. UNIT HAS BEEN USED FOR FOUR DAYS.',1,'The pilot can be lighted on: YES\nThe pilot can stay on: YES\nThe burner can be turned on: YES','ASA AC Heating Refrigeration (First Priority)','(818) 384-7855','dermovesesian@yahoo.com','2018-06-20','2018-06-18 19:10:08.651315','4/9/2018, HQ, 3009291\r\nBilled To; Chef Essentials\r\nDealer picked up the unit',6,'Christina','Scheduled Time: 2018-06-20 12:00:00-05:00\nName: ASA AC Heating Refrigeration (First Priority)\nPhone: (818) 384-7855\nEmail: dermovesesian@yahoo.com\nNote: Distance (Mileage) from Customer: 13.4 mi. About 21 mins\r\n\r\nScheduled Service Date/ Time: TO BE DETERMINED-SENDING PARTS TO TECH. \r\n\r\nTECH. PREFERS TO BE TEXT MESSAGED\n','SKS062018-D6-9',0,'Dispatch tech to replace the thermocouple',NULL,'2018-06-18 21:08:37.512922',NULL,'2018-06-18 21:08:37.512922','13214 Fenton Ave.','','Sylamar','CA',91342,'11AM-8PM',1),(101,'VT Bagel','Mike','MSF830704216033000C40025','(802) 734-8782','mlebl5555@comcast.net','70 Roosevelt Hwy','','Colchester','VT',5446,'Not cooling. Leak on the evap coil.',1,'Filter Clean: Within 1 month\nDisplay Temperature: 65\nReal Temperature: 65\nController: Digital\nSnowflake Icon: ON\nFan Icon: ON\nIce on Evap: NO\nCond Fan Running: YES\nEvap Fan Running: YES\nCompressor running: YES\nDoor issue: NONE\n','JM HVAC SYSTEMS','(802) 399-8038','NONE@GMAIL.COM','2018-06-20','2018-06-18 19:11:42.874539','5/18/2016, BOSTON, ATMA888\r\nBilled and Shipped To; \r\nGreen Mountain Restaurant Equipment',5,'Brandon','Scheduled Time: 2018-06-20 12:00:00-05:00\nName: KC MECHANICAL\nPhone: (802) 878-0800\nEmail: rebeccac@kcmechanical.com\nNote: 10 MIN/7.5 MILES//CUSTOMER NOTIFIED\n\nScheduled Time: 2018-06-20 12:00:00-05:00\nName: JM HVAC SYSTEMS\nPhone: (802) 399-8038\nEmail: NONE@GMAIL.COM\nNote: 21 MIN/19.4 MILES CUSTOMER NOTIFIED\n','SKS062018-D5-11',0,'Dispatch a tech to check for a Freon leak near the evap coil',NULL,'2018-06-18 20:00:38.464239',NULL,'2018-06-18 20:00:38.464239','114 Ledgewood Ln.','','GEORGIA','VT',5468,'6am-2:30pm',1),(102,'Colorado Food trucks','Chris','MBF850507716070600C40017','(720) 980-0379','','3510 Brighton Blvd,','','Denver','CO',80216,'Evap fans are not running properly',1,'Filter Clean: Within 1 month\nDisplay Temperature: 45\nReal Temperature: NONE\nController: Digital\nSnowflake Icon: OFF\nFan Icon: OFF\nIce on Evap: NO\nCond Fan Running: YES\nEvap Fan Running: NO\nCompressor running: YES\nDoor issue: NONE\n','GARY S. WAN','(303) 507-0282','GSW_HVACR@MSN.COM','2018-06-20','2018-06-18 19:12:07.187067','11/9/2016, DENVER, ATCO994\r\nBilled To: Colorado Food Trucks\r\nDealer picked up the unit',6,'Jackie','Scheduled Time: 2018-06-20 12:00:00-05:00\nName: GARY S. WAN\nPhone: (303) 507-0282\nEmail: GSW_HVACR@MSN.COM\nNote: Scheduled Service Date/ Time : TO BE DETERMINED-SENDING PARTS TO TECH. \r\n\r\nDistance (Mileage) from Customer:  21.4 mi. About 27 mins\r\n\r\nBusiness Hours: 8AM-5PM\n','SKS062018-D6-8',0,'Dispatch a tech to replace/bypass the door switch',NULL,'2018-06-18 21:58:56.578054',NULL,'2018-06-18 21:58:56.578054','5985 S Helena St.','','Centennial','CA',80016,'8am-5pm',1),(103,'QUALITY RESTAURANT EQUIPMENT','ERIC','PPM201711050036','(586) 576-7777','SALES@QREMSHOP.COM','8700 CAPITAL STREET','','OAK PARK','MI',48237,'UNIT WILL NOT START AT ALL - BOUGHT 2/26/18... UNIT WAS RETURNED TO DEALER  TO HAVE IT REPAIRED ASAP.',1,NULL,NULL,NULL,NULL,NULL,'2018-06-18 19:22:12.958495','3/14/2018, CHICAGO, 3006280\r\nBilled and Shipped To; \r\nAuction Brothers',3,'Randi',NULL,'SKS062018-D3-13',0,NULL,NULL,'2018-06-18 19:24:49.620895',NULL,'2018-06-18 19:24:49.620895',NULL,NULL,NULL,NULL,NULL,'8:00 AM - 5:00 PM',0),(104,'Phyl\'s steak and Fries','sarah','MSF830704216092100C40021','(779) 537-8762','','555 John F Kennedy Rd','','Dubuque','IA',52002,'NOT COOLING AT ALL..',1,'Filter Clean: Within 1 month\nDisplay Temperature: 72\nReal Temperature: 72\nController: Digital\nSnowflake Icon: ON\nFan Icon: ON\nIce on Evap: NO\nCond Fan Running: YES\nEvap Fan Running: YES\nCompressor running: NO\nDoor issue: NONE\n',NULL,NULL,NULL,NULL,'2018-06-18 19:30:23.954062','11/15/2016, CHICAGO, ATIL4319\r\nBilled To: JES Restaurant Equipment\r\nDealer picked up the unit',4,'Anna',NULL,'SKS062018-D4-9',0,'Dispatch a tech to check that the compressor is running(bring3 in 1 capacitor to check the compressor). If the compressor is running, then figure out if it is a restriction, Freon leak or bad compressor. If a Leak please take a picture or video of the leaking point',NULL,'2018-06-18 22:19:05.934902','2018-06-18 17:19:05.794293\nRHA Service, Inc.\r\n524 3rd Ave S, Clinton IA 52732\r\nPhone: 5632424563\r\nContact: Coleen\r\nEmail: rhaservice@birch.net\r\n\r\n  6/18 WAITING ON THE ONLY TECH FOUND NEAR  TO CONFIRM SERVICE . ','2018-06-18 22:19:05.934902',NULL,NULL,NULL,NULL,NULL,'10 am- 9 pm',1),(105,'Pizza 101','Cliff','MBF8501077160927004007','(860) 933-3832','','16A Mashamoqout','','Pomfret','CT',6259,'Evao Fan not kicking in  but compressor still running.',1,'Filter Clean: Within 1 month\nDisplay Temperature: 37\nReal Temperature: NONE\nController: Digital\nSnowflake Icon: ON\nFan Icon: OFF\nIce on Evap: NO\nCond Fan Running: NO\nEvap Fan Running: NO\nCompressor running: YES\nDoor issue: NONE\n','IN HOUSE TECH','(201) 355-8257','njdispatch@smartkitchenservice.com','2018-06-20','2018-06-18 19:31:59.944147','12/20/2016, BOSTON, ATMA2040\r\nBilled and Shipped To: \r\nRestaurant Equipment Paradise',5,'Jackie','Scheduled Time: 2018-06-20 03:00:00-05:00\nName: IN HOUSE TECH\nPhone: (201) 355-8257\nEmail: njdispatch@smartkitchenservice.com\nNote: DISPATCH IN HOUSE TECH//L/M TO NOTIFY CUSTOMER\n','SKS062018-D5-13',0,'Dispatch tech to replace the door switch and test the unit on site.',NULL,'2018-06-18 20:11:38.443958',NULL,'2018-06-18 20:11:38.443958','203 FLANDERS RD','','WESTBOROUGH','MA',1581,'9am-9pm',1),(106,'PEAK RESTAURANT','BIPIN','MSF8304GRAUS100317112000C40022','(214) 991-9195','','3401 W Airport Fwy','#110','IRVING','TX',75062,'\"AS SOON AS POSSIBLE- HEALTH DEPARTMENT IS COMING IN TOMORROW\" ... ITS NOT GETTING COLD - JUST BOUGHT THE UNIT FEW DAYS AGO',NULL,'Filter Clean: Within 1 month\nDisplay Temperature: 85\nReal Temperature: UNKNOWN\nController: Digital\nSnowflake Icon: ON\nFan Icon: ON\nIce on Evap: NO\nCond Fan Running: YES\nEvap Fan Running: YES\nCompressor running: YES\nDoor issue: NONE\n',NULL,NULL,NULL,NULL,'2018-06-18 19:37:25.964718','4/10/2018, DALLAS, 3009408\r\nBilled To: Vameva Group\r\nDealer picked up the unit',2,'Anna',NULL,'SKS062018-D2-12',0,NULL,NULL,'2018-06-18 19:38:24.847266',NULL,'2018-06-18 19:38:24.847266',NULL,NULL,NULL,NULL,NULL,'NOT OPEN YET',0),(107,'ICHO IVAKAYA','HIRO','MGF8402151028C4005','(626) 551-1034','','5561 ROSEMEAD BLVD','','TEMPLE CITY','AL',91780,'UNIT NOT COOLING',0,'Filter Clean: Within 1 month\nDisplay Temperature: 48\nReal Temperature: 50\nController: Digital\nSnowflake Icon: ON\nFan Icon: ON\nIce on Evap: YES\nCond Fan Running: YES\nEvap Fan Running: YES\nCompressor running: YES\nDoor issue: NONE\n',NULL,NULL,NULL,NULL,'2018-06-18 19:38:02.570585','12/7/2015, HQ, AT3332\r\nBilled and Shipped To:\r\nNew Asia FSE',3,'Randi',NULL,'SKS062018-D3-14',0,NULL,NULL,'2018-06-18 19:40:04.744239',NULL,'2018-06-18 19:40:04.744239',NULL,NULL,NULL,NULL,NULL,'10:00 AM - 10:30 PM',0),(108,'THE TEA HOUSE','TARANT','MSF8308AUS100317031800C44895','(832) 573-5903','','840 Gulfgate Center Mall','','Houston','TX',77087,'THE UNIT SHUT DOWN, CUSTOMER: THE POWER IS GOING IN BUT THE UNIT IS NOT TURNING ON. UNIT IS COMPLETELY DEAD',1,'Filter Clean: Within 1 month\nDisplay Temperature: NO POWER\nReal Temperature: UNKNOWN\nController: Digital\nSnowflake Icon: ON\nFan Icon: ON\nIce on Evap: NO\nCond Fan Running: YES\nEvap Fan Running: YES\nCompressor running: YES\nDoor issue: NONE\n','Cool Results Refrigeration ( First Priority)','(713) 344-4957','service@cool-results.com','2018-06-20','2018-06-18 19:44:16.705662','7/14/2017, HOUSTON, ATHS3829\r\nBilled To: 5 Star Restaurant Equipment\r\nShipped To: The Tea House',2,'Anna','Scheduled Time: 2018-06-20 00:00:00-05:00\nName: Cool Results Refrigeration ( First Priority)\nPhone: (713) 344-4957\nEmail: service@cool-results.com\nNote: TECH WILL BE OUT ONCE PARTS ARE RECEIVED\n','SKS062018-D2-13',0,'Dispatch tech to replace the control board and green clip',NULL,'2018-06-18 20:34:16.497259',NULL,'2018-06-18 20:34:16.497259','2919 PHEASANT RUN','','HUMBLE','TX',77396,'10 AM- 12 AM',1),(109,'ON THE CLOCK BAR AND GRILL','ROBERT KRAUSE','MSF831104216100800C40003','(414) 788-7299','','4301 SOUTH HOWELL AVENUE','','MILWAUKEE','WI',53207,'REQUESTING S & P 414-481-2121...',1,'Filter Clean: Within 1 month\nDisplay Temperature: 55\nReal Temperature: 55 - 70\nController: Digital\nSnowflake Icon: ON\nFan Icon: ON\nIce on Evap: YES\nCond Fan Running: YES\nEvap Fan Running: YES\nCompressor running: YES\nDoor issue: NONE\n',NULL,NULL,NULL,NULL,'2018-06-18 19:49:00.051782','7/18/2017, NJ, ATNJ7779\r\nBilled and Shipped To: \r\nS&P Equipment',3,'Randi',NULL,'SKS062018-D3-15',0,'dispatch tech to check the unit for a freon leak near the evap coil.',NULL,'2018-06-18 20:32:28.631900',NULL,'2018-06-18 20:32:28.631900',NULL,NULL,NULL,NULL,NULL,'11:00 AM - 2:00 AM',1),(110,'thai to go','Randy','ato-6baus200317041700c40016','(503) 706-5247','randy@divisionssportspub.com','11920 SE Division St','','portland','OR',97266,'Main Burner won\'t light until after 30 seconds. Pilot is fine.',1,'The pilot can be lighted on: YES\nThe pilot can stay on: YES\nThe burner can be turned on: YES','Cool Temp Inc.','(503) 582-9894','service@cooltempinc.com','2018-06-20','2018-06-18 19:56:40.041438','2/13/2018, SEATTLE, 3003113\r\nBilled and Shipped To: \r\nPitman',4,'Brandon','Scheduled Time: 2018-06-20 00:00:00-05:00\nName: Cool Temp Inc.\nPhone: (503) 582-9894\nEmail: service@cooltempinc.com\nNote: Approximately schedule time- after part has been deliver.  sending a thermocouple\n','SKS062018-D4-10',0,'Dispatch a tech to replace the thermocouple and test unit on site','2018-06-18 17:32:25.507714\nCustomer was inform of tech info and part information \r\n','2018-06-18 22:32:50.742115','2018-06-18 17:18:32.396333\nRHA Service, Inc.\r\n524 3rd Ave S, Clinton IA 52732\r\nPhone: 5632424563\r\nContact: Coleen\r\nEmail: rhaservice@birch.net\r\n\r\n  6/18 WAITING ON THE ONLY TECH FOUND NEAR  TO CONFIRM SERVICE . \n2018-06-18 17:19:49.107807\nDISCARD PREVIEWS NOTE\n2018-06-18 17:32:50.585865\nTech will be there ones the part is deliver ','2018-06-18 22:32:50.742115','10165 SW Commerce Circle, Suite C, OR','','Wilsonville','OR',97070,'ANYTIME',1),(111,'DADDY O\'S GREEN ONION','CEASAR','MSF830704216052900C40016','(970) 635-0001','DADDYSGREENONION@GMAIL.COM','2277 W Eisenhower Blvd','','Loveland','CO',80537,'FREEZING EVERYTHING. DRIPPING LIQUID ON THE OUTSIDE OF THE UNIT ON THE BACK CAUSING A BLUE PUDDLE.',1,'Filter Clean: Within 1 month\nDisplay Temperature: 42\nReal Temperature: 20\nController: Digital\nSnowflake Icon: ON\nFan Icon: ON\nIce on Evap: NO\nCond Fan Running: YES\nEvap Fan Running: YES\nCompressor running: NO\nDoor issue: NONE\n','Novation Commercial Services LLC','(970) 223-7646','service@novationcommercial.com','2018-06-19','2018-06-18 20:07:35.513536','7/14/2017, DENVER, ATCO2014\r\nBilled To: East Bay Restaurant Supply\r\nShipped To: Daddy O Greens Onion',6,'Brandon','Scheduled Time: 2018-06-19 09:00:00-05:00\nName: Novation Commercial Services LLC\nPhone: (970) 223-7646\nEmail: service@novationcommercial.com\nNote: Scheduled Service Date/Time: TO BE DETERMINED-SENDING PART \r\n\r\nDistance (Mileage) from Customer: 19.2 mi. About 25 mins\r\n\r\n*PLEASE CALL CUSTOMER TO SCHEDULE TIME AND DATE FOR SERVICE\n','SKS062018-D6-10',0,'Dispatch a tech to replace the probe and test the unit on site',NULL,'2018-06-18 22:35:46.115102',NULL,'2018-06-18 22:35:46.115102','409 Delozier Dr. Unit B','','Fort Collins','CO',80524,'8am-7pm',1),(112,'EL NUEVO MEXICALI','JOSE','MBF8504151011C4004','(559) 920-9283','CERVANCESJOSE1@YAHOO.COM','370 N Main St','','Porterville','CA',93257,'UNIT IS NOT FREEZING',1,'Filter Clean: Within 1 month\nDisplay Temperature: 24\nReal Temperature: UNKNOWN\nController: Digital\nSnowflake Icon: ON\nFan Icon: ON\nIce on Evap: NO\nCond Fan Running: YES\nEvap Fan Running: YES\nCompressor running: YES\nDoor issue: NONE\n',NULL,NULL,NULL,NULL,'2018-06-18 20:19:07.057462','8/4/2016, SF, ATSF3489\r\nBilled and Shipped To; \r\nBest Equipment and Supplies',6,'Anna',NULL,'SKS062018-D6-11',0,'Dispatch tech to  check the unit for a freon leak.',NULL,'2018-06-18 20:31:46.290103',NULL,'2018-06-18 20:31:46.290103',NULL,NULL,NULL,NULL,NULL,'8 AM- 8 PM',1),(113,'Alder House','Victor Tose','MBF850307716062800C40003','(805) 268-9674','','295 Alder St,','','Arroyo Grande,','CA',93420,'Unit is not cooling properly /facility # 805-489-1266',1,'Filter Clean: Within 1 month\nDisplay Temperature: 23 DEG\nReal Temperature: NONE\nController: Digital\nSnowflake Icon: ON\nFan Icon: ON\nIce on Evap: NO\nCond Fan Running: YES\nEvap Fan Running: YES\nCompressor running: YES\nDoor issue: NONE\n',NULL,NULL,NULL,NULL,'2018-06-18 20:21:43.388711','8/23/2016, HQ, AT5422\r\nBilled To: Gene Shook\r\nShipped To: Adler House Retirement',6,'Jackie',NULL,'SKS062018-D6-12',0,'Dispatch tech to replace the compressor on the unit.',NULL,'2018-06-18 21:42:33.598207',NULL,'2018-06-18 21:42:33.598207',NULL,NULL,NULL,NULL,NULL,'8:30am-4:30pm',1),(114,'MY FLAVOR RESTAURANT','GISSELLE','MBF850300317032500C40004','(860) 205-9736','','75 PARK ST','','HARTFORD','CT',6106,'UNIT IS NOT KEEPING TEMPERATURE, FANS ARE NOT WORKING AT ALL AND CUSTOMER HAD TO THROW OUT ALL PRODUCT. TECH QUESTIONS WERE DIFFICULT TO  OBTAIN DUE TO LANGUAGE BARRIER.',NULL,'Filter Clean: Within 1 month\nDisplay Temperature: 57\nReal Temperature: NA\nController: Digital\nSnowflake Icon: OFF\nFan Icon: OFF\nIce on Evap: NO\nCond Fan Running: NO\nEvap Fan Running: NO\nCompressor running: NO\nDoor issue: NONE\n',NULL,NULL,NULL,NULL,'2018-06-18 20:28:19.576173',NULL,0,'Christina',NULL,NULL,0,NULL,NULL,'2018-06-18 20:29:02.062592',NULL,'2018-06-18 20:29:02.062592',NULL,NULL,NULL,NULL,NULL,'11AM-7PM',0),(115,'MY FLAVOR RESTAURANT','GISSELLE','MBF8508077160S2600040013','(860) 205-9736','','75 PARK ST','','HARTFORD','CT',6106,'UNIT IS RUNNING WARM AND FANS INSIDE ARE NOT WORKING. CUSTOMER HAD TO THROW ALL PRODUCT OUT.  TECHNICAL QUESTIONS WERE DIFFICULT TO OBTAIN DUE TO LANGUAGE BARRIER.',1,'Filter Clean: Within 1 month\nDisplay Temperature: 53\nReal Temperature: NA\nController: Digital\nSnowflake Icon: OFF\nFan Icon: OFF\nIce on Evap: NO\nCond Fan Running: NO\nEvap Fan Running: NO\nCompressor running: NO\nDoor issue: NONE\n',NULL,NULL,NULL,NULL,'2018-06-18 20:30:28.643498','CORRECT SERIAL:\r\nMBF850807716052600C40013\r\n\r\n8/11/2017, BOSTON, ATMA3311\r\nBilled and Shipped To: \r\nRestaurant Equipment Paradise',5,'Christina',NULL,'SKS062018-D5-14',0,'Dispatch a tech to check the unit for a burnt wire. Call from location for tech support if needed',NULL,'2018-06-18 21:29:00.218970',NULL,'2018-06-18 21:29:00.218970',NULL,NULL,NULL,NULL,NULL,'11AM-7PM',1),(116,'Al\'s Chicken & Waffles','Cheryl','MBF8508150907C4003','(402) 881-6072','ALSCHICKENANDWAFFLES@GMAIL.COM','721 N Academy Blvd','','Colorado Springs','CO',80909,'NOT COOLING AND COMPRESSOR IS HOT',1,'Filter Clean: Within 1 month\nDisplay Temperature: 62\nReal Temperature: 62\nController: Digital\nSnowflake Icon: ON\nFan Icon: ON\nIce on Evap: NO\nCond Fan Running: YES\nEvap Fan Running: YES\nCompressor running: YES\nDoor issue: NONE\n',NULL,NULL,NULL,NULL,'2018-06-18 20:38:41.347223','12/12/2017, DENVER, ATCO2624\r\nBilled and Shipped To; \r\nFront Range Equipment Source',6,'Brandon',NULL,'SKS062018-D6-13',0,'Dispatch a tech to check the unit for a freon leak.',NULL,'2018-06-18 21:34:24.523174',NULL,'2018-06-18 21:34:24.523174',NULL,NULL,NULL,NULL,NULL,'11am-8pm',1),(117,'Shack breakfast & lunch','Joshua','MPF820304216102000C40025','(636) 385-6388','','2931 Highway K','','O\'Fallon','MO',63368,'Unit is making a really loud beeping noise. And the thermostat it\'s not reading anything',1,'Filter Clean: Within 1 month\nDisplay Temperature: NONE\nReal Temperature: NONE\nController: Digital\nSnowflake Icon: OFF\nFan Icon: OFF\nIce on Evap: NO\nCond Fan Running: YES\nEvap Fan Running: YES\nCompressor running: YES\nDoor issue: NONE\n',NULL,NULL,NULL,NULL,'2018-06-18 20:53:05.971892','12/5/2017, CHICAGO, ATIL7842\r\nBilled To: Rapids Foodservice Contract and Design\r\nShipped To: GATEWAY RESTAURANT SUPPLY',3,'Jackie',NULL,'SKS062018-D3-16',0,'Dispatch a tech to replace the controller',NULL,'2018-06-18 21:23:09.246950',NULL,'2018-06-18 21:23:09.246950',NULL,NULL,NULL,NULL,NULL,'6:30am-2pm',1),(118,'Rainier Restaurant and BBQ','Ming','PPSL-145010197','(206) 390-9124','','6400 Martin Luther King Jr Way S','','Seattle','WA',98118,'Not running at all\r\n\r\nPER CHARLIE- TOO EXPENSIVE TO FIX. REPLACE UNIT. DEALER WILL PICK UP FROM BRANCH.',1,'Filter Clean: Within 1 month\nDisplay Temperature: 0\nReal Temperature: 0\nController: Digital\nSnowflake Icon: ON\nFan Icon: ON\nIce on Evap: NO\nCond Fan Running: YES\nEvap Fan Running: YES\nCompressor running: YES\nDoor issue: NONE\n',NULL,NULL,NULL,NULL,'2018-06-18 21:11:52.986995','Dealer just picked up unit.',4,'Brandon',NULL,'SKS062018-D4-11',0,NULL,NULL,'2018-06-18 22:05:34.855525',NULL,'2018-06-18 22:05:34.855525',NULL,NULL,NULL,NULL,NULL,'11am-11pm',0),(120,'titi\'s','DAN','MPF820304216122300C40005','(720) 229-3433','','15490 E Colfax Ave','','Aurora','CO',80011,'unit is not cooling',1,'Filter Clean: Within 1 month\nDisplay Temperature: 72\nReal Temperature: UNKNOWN\nController: Digital\nSnowflake Icon: ON\nFan Icon: ON\nIce on Evap: NO\nCond Fan Running: YES\nEvap Fan Running: YES\nCompressor running: NO\nDoor issue: NONE\n','NO TECHNICIAN ASSIGNED --> WARRANTY VOIDED','(000) 000-0000','NOTECHASSIGNED@NOTECH.COM','2018-06-18','2018-06-18 21:27:14.664759','7/27/2017, DENVER, ATCO2077\r\nBilled To; Platte Restaurant Equipment\r\nDealer picked up the unit',6,'Anna','Scheduled Time: 2018-06-18 12:00:00-05:00\nName: NO TECHNICIAN ASSIGNED --> WARRANTY VOIDED\nPhone: (000) 000-0000\nEmail: NOTECHASSIGNED@NOTECH.COM\nNote: called customer 6/18/18 @ 5:16 pm -informed that unit was OOW due to them having a tech. that was not certified work on their unit---> WAS UNABLE TO LEAVE A VOICEMAIL DUE TO MAILBOX NOT BEING SET UP. ---> PLEASE SEE NOTES FROM (JALAPENO DELUXE )-(AURORA, CO)- SKS0518-D6-145\n','SKS062018-D6-14',0,'Dispatch a tech to check that the compressor is running(bring3 in 1 capacitor to check the compressor). If the compressor is running, then test the low side pressure. Figure out if it is a restriction, Freon leak or bad compressor. If a Leak please take a picture or video of the leaking point.',NULL,'2018-06-18 22:17:02.390312',NULL,'2018-06-18 22:17:02.390312','15490 E COLFAX AVE AURORA CO 80011','','AURORA','CO',80011,'call for appointment',1),(121,'Cafe Du Liban','Rosie','MSF831104216070200C4002','(818) 317-7665','INFO@CAFEZULIBAM.COM','19223 Ventura Blvd','','Tarzana','CA',91356,'Leaking inside',NULL,'Filter Clean: Within 1 month\nDisplay Temperature: 38\nReal Temperature: 38\nController: Digital\nSnowflake Icon: ON\nFan Icon: ON\nIce on Evap: NO\nCond Fan Running: YES\nEvap Fan Running: YES\nCompressor running: YES\nDoor issue: NONE\n',NULL,NULL,NULL,NULL,'2018-06-18 21:48:38.170923',NULL,0,'Brandon',NULL,NULL,0,NULL,NULL,'2018-06-18 21:49:02.659355',NULL,'2018-06-18 21:49:02.659355',NULL,NULL,NULL,NULL,NULL,'8am-10pm',0),(122,'Rice Bowl','Brittany','MBF8508150604C4001','(330) 601-0742','','503 E LIBERTY ST','','wooster','OH',44691,'Not cooling.',1,'Filter Clean: Within 1 month\nDisplay Temperature: 54\nReal Temperature: 54\nController: Digital\nSnowflake Icon: ON\nFan Icon: ON\nIce on Evap: NO\nCond Fan Running: YES\nEvap Fan Running: NO\nCompressor running: YES\nDoor issue: NONE\n',NULL,NULL,NULL,NULL,'2018-06-18 21:51:20.723378','7/11/2016, CHICAGO, ATIL3006\r\nBilled and Shipped To; \r\nA+ Food Service Supply\r\n\r\nLASKS0317-NC114\r\nMiller\'s Refrigeration \r\nREPLACED DOOR SWITCH & MANUALLY DEFROSTED UNIT\r\n$237.50',3,'Brandon',NULL,'SKS062018-D3-17',0,'Dispatch tech to replace the door switches',NULL,'2018-06-18 21:59:55.428898',NULL,'2018-06-18 21:59:55.428898',NULL,NULL,NULL,NULL,NULL,'11am-8pm',1),(123,'Davinci','ABHRAHAM','MPF820204216101800C40004','(804) 655-7749','','1900 Mechanicsville Turnpike','','RICHMOND','VA',23223,'A lot of leaking inside and out of the unit',NULL,'Filter Clean: Within 1 month\nDisplay Temperature: 34\nReal Temperature: 34\nController: Digital\nSnowflake Icon: ON\nFan Icon: ON\nIce on Evap: NO\nCond Fan Running: YES\nEvap Fan Running: YES\nCompressor running: YES\nDoor issue: NONE\n',NULL,NULL,NULL,NULL,'2018-06-18 22:05:03.621119',NULL,0,'Brandon',NULL,NULL,0,NULL,NULL,'2018-06-18 22:05:21.027390',NULL,'2018-06-18 22:05:21.027390',NULL,NULL,NULL,NULL,NULL,'11AM-MIDNIGHT',0),(125,'THE BEIGNET AND COFFEE SHOP','MR. POLO','ATFS-40AUS200317102200C40020','(614) 670-9767','','720 N Golden Key St #6-7','','Gilbert','AZ',85233,'WHEN U HOLD THE PILOT BUTTON TO LIT OUT, IT IS THROWING GAS IN FULL FORCE. SO IT IS NOT GOING TO PILOT MODE STRAIGHT TO BURNER/GAS MODE. TECH: NEEDS A GAS VALVE ITS BAD .. UNIT WILL BE LOCATED IN \" PRIME DESIGN FOOD TRUCK\", ADDRESS IS PROVIDED.',NULL,'The pilot can be lighted on: YES\nThe pilot can stay on: NO\nThe burner can be turned on: YES',NULL,NULL,NULL,NULL,'2018-06-18 22:30:35.840662',NULL,0,'Anna',NULL,NULL,0,NULL,NULL,'2018-06-18 22:30:50.215674',NULL,'2018-06-18 22:30:50.215674',NULL,NULL,NULL,NULL,NULL,'call for appointment',0),(126,'Nantuckets','richard','mbf850707716040100c40034','(631) 682-3898','','9 Traders Cove','','Port Jefferson','NY',11777,'unit is not  cooling.. last time tech came, he said there\'s a leak on the unit but they couldn\'t fix the leak. evaporator fans on outside are not running.',NULL,'Filter Clean: Within 1 month\nDisplay Temperature: 51\nReal Temperature: 51\nController: Digital\nSnowflake Icon: ON\nFan Icon: ON\nIce on Evap: NO\nCond Fan Running: YES\nEvap Fan Running: NO\nCompressor running: YES\nDoor issue: NONE\n',NULL,NULL,NULL,NULL,'2018-06-18 22:42:53.785773',NULL,0,'Anna',NULL,NULL,0,NULL,NULL,'2018-06-18 22:43:15.004549',NULL,'2018-06-18 22:43:15.004549',NULL,NULL,NULL,NULL,NULL,'11:30AM- 10:00PM',0);
/*!40000 ALTER TABLE `request_unitbasicinfo` ENABLE KEYS */;
UNLOCK TABLES;

--
-- Table structure for table `users_users`
--

DROP TABLE IF EXISTS `users_users`;
/*!40101 SET @saved_cs_client     = @@character_set_client */;
 SET character_set_client = utf8mb4 ;
CREATE TABLE `users_users` (
  `id` int(11) NOT NULL AUTO_INCREMENT,
  `name` varchar(50) NOT NULL,
  `code` varchar(10) NOT NULL,
  `password` varchar(20) NOT NULL,
  `group` varchar(15) NOT NULL,
  `current_month` int(11) NOT NULL,
  `current_tasks` int(11) NOT NULL,
  `total_tasks` int(11) NOT NULL,
  PRIMARY KEY (`id`)
) ENGINE=InnoDB AUTO_INCREMENT=17 DEFAULT CHARSET=utf8;
/*!40101 SET character_set_client = @saved_cs_client */;

--
-- Dumping data for table `users_users`
--

LOCK TABLES `users_users` WRITE;
/*!40000 ALTER TABLE `users_users` DISABLE KEYS */;
INSERT INTO `users_users` VALUES (1,'Jane','1','654321','dispatcher',6,25,0),(2,'Yesi','4','123456','dispatcher',6,11,0),(3,'Chloe','2','123456','dispatcher',6,13,0),(4,'Christina','7','123456','operator',1,0,0),(5,'Daniela','3','123456','dispatcher',6,17,0),(6,'Samantha','5','123456','dispatcher',6,14,0),(7,'Katrina','6','123456','dispatcher',6,14,0),(8,'Amanda','8','123456','admindp',1,0,0),(9,'Randi','9','123456','operator',1,0,0),(10,'Brandon','10','123456','operator',1,0,0),(11,'Anna','11','123456','operator',1,0,0),(12,'Jackie','12','123456','operator',1,0,0),(13,'Warranty Check','13','123456','warranty',1,0,0),(14,'ADMIN','0','Admin','admin',1,0,0),(15,'Parts','15','123456','parts',1,0,0),(16,'Account','16','Account123','account',1,0,0);
/*!40000 ALTER TABLE `users_users` ENABLE KEYS */;
UNLOCK TABLES;

--
-- Table structure for table `warranty_invoice`
--

DROP TABLE IF EXISTS `warranty_invoice`;
/*!40101 SET @saved_cs_client     = @@character_set_client */;
 SET character_set_client = utf8mb4 ;
CREATE TABLE `warranty_invoice` (
  `id` int(11) NOT NULL AUTO_INCREMENT,
  `invoice` varchar(20) DEFAULT NULL,
  `travel_t` decimal(5,2) DEFAULT NULL,
  `labor_t` decimal(5,2) DEFAULT NULL,
  `travel_c` decimal(7,2) DEFAULT NULL,
  `labor_c` decimal(7,2) DEFAULT NULL,
  `material_c` decimal(7,2) DEFAULT NULL,
  `total_c` decimal(7,2) DEFAULT NULL,
  `sksid` varchar(30) DEFAULT NULL,
  `add_time` datetime(6) NOT NULL,
  PRIMARY KEY (`id`)
) ENGINE=InnoDB DEFAULT CHARSET=utf8;
/*!40101 SET character_set_client = @saved_cs_client */;

--
-- Dumping data for table `warranty_invoice`
--

LOCK TABLES `warranty_invoice` WRITE;
/*!40000 ALTER TABLE `warranty_invoice` DISABLE KEYS */;
/*!40000 ALTER TABLE `warranty_invoice` ENABLE KEYS */;
UNLOCK TABLES;
/*!40103 SET TIME_ZONE=@OLD_TIME_ZONE */;

/*!40101 SET SQL_MODE=@OLD_SQL_MODE */;
/*!40014 SET FOREIGN_KEY_CHECKS=@OLD_FOREIGN_KEY_CHECKS */;
/*!40014 SET UNIQUE_CHECKS=@OLD_UNIQUE_CHECKS */;
/*!40101 SET CHARACTER_SET_CLIENT=@OLD_CHARACTER_SET_CLIENT */;
/*!40101 SET CHARACTER_SET_RESULTS=@OLD_CHARACTER_SET_RESULTS */;
/*!40101 SET COLLATION_CONNECTION=@OLD_COLLATION_CONNECTION */;
/*!40111 SET SQL_NOTES=@OLD_SQL_NOTES */;

-- Dump completed on 2018-06-18 18:33:34
